"name","Type","Color","Color Category","maybeboard","tags"
"Secluded Steppe","Land","W","Lands","false","Angels"
"Thriving Heath","Land","W","Lands","false","Angels"
"Plains","Basic Land - Plains","W","Lands","false","Angels"
"Plains","Basic Land - Plains","W","Lands","false","Angels"
"Plains","Basic Land - Plains","W","Lands","false","Angels"
"Plains","Basic Land - Plains","W","Lands","false","Angels"
"Plains","Basic Land - Plains","W","Lands","false","Angels"
"Plains","Basic Land - Plains","W","Lands","false","Angels"
"Giada, Font of Hope","Legendary Creature - Angel","W","White","false","Angels"
"Destroy Evil","Instant","W","White","false","Angels"
"Youthful Valkyrie","Creature - Angel","W","White","false","Angels"
"Rally of Wings","Instant","W","White","false","Angels"
"Celestial Enforcer","Creature - Human Cleric","W","White","false","Angels"
"Inspiring Overseer","Creature - Angel Cleric","W","White","false","Angels"
"Righteous Valkyrie","Creature - Angel Cleric","W","White","false","Angels"
"Stalwart Valkyrie","Creature - Angel Warrior","W","White","false","Angels"
"Herald of War","Creature - Angel","W","White","false","Angels"
"Angelic Edict","Sorcery","W","White","false","Angels"
"Serra Angel","Creature - Angel","W","White","false","Angels"
"Herald of the Sun","Creature - Angel","W","White","false","Angels"
"Thriving Heath","Land","W","Lands","false","Armed"
"Plains","Basic Land - Plains","W","Lands","false","Armed"
"Plains","Basic Land - Plains","W","Lands","false","Armed"
"Plains","Basic Land - Plains","W","Lands","false","Armed"
"Plains","Basic Land - Plains","W","Lands","false","Armed"
"Plains","Basic Land - Plains","W","Lands","false","Armed"
"Plains","Basic Land - Plains","W","Lands","false","Armed"
"Plains","Basic Land - Plains","W","Lands","false","Armed"
"Divine Arrow","Instant","W","White","false","Armed"
"Fencing Ace","Creature - Human Soldier","W","White","false","Armed"
"Sunspear Shikari","Creature - Cat Soldier","W","White","false","Armed"
"Stone Haven Outfitter","Creature - Kor Artificer Ally","W","White","false","Armed"
"Flutterfox","Creature - Fox","W","White","false","Armed"
"Resistance Reunited","Instant","W","White","false","Armed"
"Ancestral Blade","Artifact - Equipment","W","White","false","Armed"
"Danitha Capashen, Paragon","Legendary Creature - Human Knight","W","White","false","Armed"
"Starnheim Courser","Creature - Pegasus","W","White","false","Armed"
"Maul of the Skyclaves","Artifact - Equipment","W","White","false","Armed"
"Godsend","Legendary Artifact - Equipment","W","White","false","Armed"
"Hexgold Hoverwings","Artifact - Equipment","W","White","false","Armed"
"Thriving Grove","Land","G","Lands","false","Beasts"
"Forest","Basic Land - Forest","G","Lands","false","Beasts"
"Forest","Basic Land - Forest","G","Lands","false","Beasts"
"Forest","Basic Land - Forest","G","Lands","false","Beasts"
"Forest","Basic Land - Forest","G","Lands","false","Beasts"
"Forest","Basic Land - Forest","G","Lands","false","Beasts"
"Forest","Basic Land - Forest","G","Lands","false","Beasts"
"Forest","Basic Land - Forest","G","Lands","false","Beasts"
"Bushwhack","Sorcery","G","Green","false","Beasts"
"Brushstrider","Creature - Beast","G","Green","false","Beasts"
"Gnarlid Colony","Creature - Beast","G","Green","false","Beasts"
"Predator's Strike","Instant","G","Green","false","Beasts"
"Hungry Megasloth","Creature - Sloth Beast","G","Green","false","Beasts"
"Advocate of the Beast","Creature - Elf Shaman","G","Green","false","Beasts"
"Time to Feed","Sorcery","G","Green","false","Beasts"
"Obstinate Baloth","Creature - Beast","G","Green","false","Beasts"
"Slinza, the Spiked Stampede","Legendary Creature - Beast","GR","Multicolored","false","Beasts"
"Garruk's Packleader","Creature - Beast","G","Green","false","Beasts"
"Garruk, Caller of Beasts","Legendary Planeswalker - Garruk","G","Green","false","Beasts"
"Somberwald Beastmaster","Creature - Human Ranger","G","Green","false","Beasts"
"Thriving Bluff","Land","R","Lands","false","Bloody"
"Mountain","Basic Land - Mountain","R","Lands","false","Bloody"
"Mountain","Basic Land - Mountain","R","Lands","false","Bloody"
"Mountain","Basic Land - Mountain","R","Lands","false","Bloody"
"Mountain","Basic Land - Mountain","R","Lands","false","Bloody"
"Mountain","Basic Land - Mountain","R","Lands","false","Bloody"
"Mountain","Basic Land - Mountain","R","Lands","false","Bloody"
"Mountain","Basic Land - Mountain","R","Lands","false","Bloody"
"Flame-Blessed Bolt","Instant","R","Red","false","Bloody"
"Insolent Neonate","Creature - Vampire","R","Red","false","Bloody"
"Ivora, Insatiable Heir","Legendary Creature - Vampire Warrior","R","Red","false","Bloody"
"Stolen Vitality","Instant","R","Red","false","Bloody"
"Vampiric Fury","Instant","R","Red","false","Bloody"
"Blood Petal Celebrant","Creature - Vampire","R","Red","false","Bloody"
"Anje's Ravager","Creature - Vampire Berserker","R","Red","false","Bloody"
"Soul Sear","Instant","R","Red","false","Bloody"
"Scion of Opulence","Creature - Vampire Noble","R","Red","false","Bloody"
"Voldaren Duelist","Creature - Vampire Warrior","R","Red","false","Bloody"
"Incorrigible Youths","Creature - Vampire","R","Red","false","Bloody"
"Markov Enforcer","Creature - Vampire Soldier","R","Red","false","Bloody"
"Memorial to Genius","Land","U","Lands","false","Bookworms"
"Thriving Isle","Land","U","Lands","false","Bookworms"
"Island","Basic Land - Island","U","Lands","false","Bookworms"
"Island","Basic Land - Island","U","Lands","false","Bookworms"
"Island","Basic Land - Island","U","Lands","false","Bookworms"
"Island","Basic Land - Island","U","Lands","false","Bookworms"
"Island","Basic Land - Island","U","Lands","false","Bookworms"
"Island","Basic Land - Island","U","Lands","false","Bookworms"
"Phantasmal Shieldback","Creature - Turtle Illusion","U","Blue","false","Bookworms"
"Opt","Instant","U","Blue","false","Bookworms"
"Blink of an Eye","Instant","U","Blue","false","Bookworms"
"Thopter Mechanic","Creature - Human Artificer","U","Blue","false","Bookworms"
"Faerie Vandal","Creature - Faerie Rogue","U","Blue","false","Bookworms"
"Reckless Scholar","Creature - Human Wizard","U","Blue","false","Bookworms"
"Teferi's Ageless Insight","Legendary Enchantment","U","Blue","false","Bookworms"
"Muse Drake","Creature - Drake","U","Blue","false","Bookworms"
"Soul Read","Instant","U","Blue","false","Bookworms"
"Syr Elenora, the Discerning","Legendary Creature - Human Knight","U","Blue","false","Bookworms"
"Sphinx of Enlightenment","Creature - Sphinx","U","Blue","false","Bookworms"
"Overflowing Insight","Sorcery","U","Blue","false","Bookworms"
"Thriving Bluff","Land","R","Lands","false","Burning"
"Mountain","Basic Land - Mountain","R","Lands","false","Burning"
"Mountain","Basic Land - Mountain","R","Lands","false","Burning"
"Mountain","Basic Land - Mountain","R","Lands","false","Burning"
"Mountain","Basic Land - Mountain","R","Lands","false","Burning"
"Mountain","Basic Land - Mountain","R","Lands","false","Burning"
"Mountain","Basic Land - Mountain","R","Lands","false","Burning"
"Mountain","Basic Land - Mountain","R","Lands","false","Burning"
"Goblin Fireslinger","Creature - Goblin Warrior","R","Red","false","Burning"
"Play with Fire","Instant","R","Red","false","Burning"
"Hearts on Fire","Instant","R","Red","false","Burning"
"Fathom Fleet Firebrand","Creature - Human Pirate","R","Red","false","Burning"
"Firebrand Archer","Creature - Human Archer","R","Red","false","Burning"
"Firespitter Whelp","Creature - Dragon","R","Red","false","Burning"
"Chandra's Spitfire","Creature - Elemental","R","Red","false","Burning"
"Flames of the Firebrand","Sorcery","R","Red","false","Burning"
"Wildfire Elemental","Creature - Elemental","R","Red","false","Burning"
"Rionya, Fire Dancer","Legendary Creature - Human Wizard","R","Red","false","Burning"
"Jaya's Firenado","Sorcery","R","Red","false","Burning"
"Goblin Dark-Dwellers","Creature - Goblin","R","Red","false","Burning"
"Ash Barrens","Land","","Lands","false","Chaos"
"Terramorphic Expanse","Land","","Lands","false","Chaos"
"Plains","Basic Land - Plains","W","Lands","false","Chaos"
"Island","Basic Land - Island","U","Lands","false","Chaos"
"Swamp","Basic Land - Swamp","B","Lands","false","Chaos"
"Mountain","Basic Land - Mountain","R","Lands","false","Chaos"
"Mountain","Basic Land - Mountain","R","Lands","false","Chaos"
"Forest","Basic Land - Forest","G","Lands","false","Chaos"
"Forest","Basic Land - Forest","G","Lands","false","Chaos"
"Druid of the Anima","Creature - Elf Druid","GRW","Multicolored","false","Chaos"
"Averna, the Chaos Bloom","Legendary Creature - Elemental Shaman","GRU","Multicolored","false","Chaos"
"Chromatic Lantern","Artifact","","Colorless","false","Chaos"
"Violent Outburst","Instant","GR","Multicolored","false","Chaos"
"Bloodbraid Elf","Creature - Elf Berserker","GR","Multicolored","false","Chaos"
"Bituminous Blast","Instant","BR","Multicolored","false","Chaos"
"Fusion Elemental","Creature - Elemental","BGRUW","Multicolored","false","Chaos"
"Fiery Fall","Instant","R","Red","false","Chaos"
"Enlisted Wurm","Creature - Wurm","GW","Multicolored","false","Chaos"
"Shardless Outlander","Artifact Creature - Construct Scout","","Colorless","false","Chaos"
"Maelstrom Colossus","Artifact Creature - Golem","","Colorless","false","Chaos"
"Thriving Moor","Land","B","Lands","false","Clerics"
"Swamp","Basic Land - Swamp","B","Lands","false","Clerics"
"Swamp","Basic Land - Swamp","B","Lands","false","Clerics"
"Swamp","Basic Land - Swamp","B","Lands","false","Clerics"
"Swamp","Basic Land - Swamp","B","Lands","false","Clerics"
"Swamp","Basic Land - Swamp","B","Lands","false","Clerics"
"Swamp","Basic Land - Swamp","B","Lands","false","Clerics"
"Swamp","Basic Land - Swamp","B","Lands","false","Clerics"
"Disfigure","Instant","B","Black","false","Clerics"
"Dark Supplicant","Creature - Human Cleric","B","Black","false","Clerics"
"Archfiend's Vessel","Creature - Human Cleric","B","Black","false","Clerics"
"Nullpriest of Oblivion","Creature - Vampire Cleric","B","Black","false","Clerics"
"Bonecaller Cleric","Creature - Human Cleric","B","Black","false","Clerics"
"Severed Strands","Sorcery","B","Black","false","Clerics"
"Taborax, Hope's Demise","Legendary Creature - Demon Cleric","B","Black","false","Clerics"
"Vito, Thorn of the Dusk Rose","Legendary Creature - Vampire Cleric","B","Black","false","Clerics"
"Extinguish the Light","Instant","B","Black","false","Clerics"
"Entomber Exarch","Creature - Phyrexian Cleric","B","Black","false","Clerics"
"Revoke Demise","Sorcery","B","Black","false","Clerics"
"Scion of Darkness","Creature - Avatar","B","Black","false","Clerics"
"Thriving Bluff","Land","R","Lands","false","Copied"
"Mountain","Basic Land - Mountain","R","Lands","false","Copied"
"Mountain","Basic Land - Mountain","R","Lands","false","Copied"
"Mountain","Basic Land - Mountain","R","Lands","false","Copied"
"Mountain","Basic Land - Mountain","R","Lands","false","Copied"
"Mountain","Basic Land - Mountain","R","Lands","false","Copied"
"Mountain","Basic Land - Mountain","R","Lands","false","Copied"
"Mountain","Basic Land - Mountain","R","Lands","false","Copied"
"Crimson Wisps","Instant","R","Red","false","Copied"
"Renegade Tactics","Sorcery","R","Red","false","Copied"
"Kiln Fiend","Creature - Elemental Beast","R","Red","false","Copied"
"Fists of Flame","Instant","R","Red","false","Copied"
"Invigorated Rampage","Instant","R","Red","false","Copied"
"Young Pyromancer","Creature - Human Shaman","R","Red","false","Copied"
"Hearts on Fire","Instant","R","Red","false","Copied"
"Guttersnipe","Creature - Goblin Shaman","R","Red","false","Copied"
"Firespitter Whelp","Creature - Dragon","R","Red","false","Copied"
"Uncaged Fury","Instant","R","Red","false","Copied"
"Zada, Hedron Grinder","Legendary Creature - Goblin Ally","R","Red","false","Copied"
"Charmbreaker Devils","Creature - Devil","R","Red","false","Copied"
"Thriving Grove","Land","G","Lands","false","Dinner"
"Forest","Basic Land - Forest","G","Lands","false","Dinner"
"Forest","Basic Land - Forest","G","Lands","false","Dinner"
"Forest","Basic Land - Forest","G","Lands","false","Dinner"
"Forest","Basic Land - Forest","G","Lands","false","Dinner"
"Forest","Basic Land - Forest","G","Lands","false","Dinner"
"Forest","Basic Land - Forest","G","Lands","false","Dinner"
"Forest","Basic Land - Forest","G","Lands","false","Dinner"
"Gingerbrute","Artifact Creature - Food Golem","","Colorless","false","Dinner"
"Bite Down","Instant","G","Green","false","Dinner"
"Maraleaf Rider","Creature - Elf Knight","G","Green","false","Dinner"
"Tough Cookie","Artifact Creature - Food Golem","G","Green","false","Dinner"
"Trail of Crumbs","Enchantment","G","Green","false","Dinner"
"Hurska Sweet-Tooth","Legendary Creature - Bear","GW","Multicolored","false","Dinner"
"Giant Opportunity","Sorcery","G","Green","false","Dinner"
"Tireless Provisioner","Creature - Elf Scout","G","Green","false","Dinner"
"Saurian Symbiote","Creature - Fungus Dinosaur","G","Green","false","Dinner"
"Fierce Witchstalker","Creature - Wolf","G","Green","false","Dinner"
"Orchard Strider","Creature - Treefolk","G","Green","false","Dinner"
"Primeval Bounty","Enchantment","G","Green","false","Dinner"
"Thriving Grove","Land","G","Lands","false","Dinosaurs"
"Forest","Basic Land - Forest","G","Lands","false","Dinosaurs"
"Forest","Basic Land - Forest","G","Lands","false","Dinosaurs"
"Forest","Basic Land - Forest","G","Lands","false","Dinosaurs"
"Forest","Basic Land - Forest","G","Lands","false","Dinosaurs"
"Forest","Basic Land - Forest","G","Lands","false","Dinosaurs"
"Forest","Basic Land - Forest","G","Lands","false","Dinosaurs"
"Forest","Basic Land - Forest","G","Lands","false","Dinosaurs"
"Tail Swipe","Instant","G","Green","false","Dinosaurs"
"Drover of the Mighty","Creature - Human Druid","G","Green","false","Dinosaurs"
"Rampant Growth","Sorcery","G","Green","false","Dinosaurs"
"Cherished Hatchling","Creature - Dinosaur","G","Green","false","Dinosaurs"
"Predator's Strike","Instant","G","Green","false","Dinosaurs"
"Savage Stomp","Sorcery","G","Green","false","Dinosaurs"
"Thrashing Brontodon","Creature - Dinosaur","G","Green","false","Dinosaurs"
"Topiary Stomper","Creature - Plant Dinosaur","G","Green","false","Dinosaurs"
"Saurian Symbiote","Creature - Fungus Dinosaur","G","Green","false","Dinosaurs"
"Colossal Dreadmaw","Creature - Dinosaur","G","Green","false","Dinosaurs"
"Thundering Spineback","Creature - Dinosaur","G","Green","false","Dinosaurs"
"Ghalta, Primal Hunger","Legendary Creature - Elder Dinosaur","G","Green","false","Dinosaurs"
"Forgotten Cave","Land","R","Lands","false","Dragons"
"Thriving Bluff","Land","R","Lands","false","Dragons"
"Mountain","Basic Land - Mountain","R","Lands","false","Dragons"
"Mountain","Basic Land - Mountain","R","Lands","false","Dragons"
"Mountain","Basic Land - Mountain","R","Lands","false","Dragons"
"Mountain","Basic Land - Mountain","R","Lands","false","Dragons"
"Mountain","Basic Land - Mountain","R","Lands","false","Dragons"
"Mountain","Basic Land - Mountain","R","Lands","false","Dragons"
"Dragon's Fire","Instant","R","Red","false","Dragons"
"Dragonlord's Servant","Creature - Goblin Shaman","R","Red","false","Dragons"
"Firespitter Whelp","Creature - Dragon","R","Red","false","Dragons"
"Carnelian Orb of Dragonkind","Artifact","R","Red","false","Dragons"
"Seize the Spoils","Sorcery","R","Red","false","Dragons"
"Bathe in Dragonfire","Sorcery","R","Red","false","Dragons"
"Sarkhan, Fireblood","Legendary Planeswalker - Sarkhan","R","Red","false","Dragons"
"Dragon Whelp","Creature - Dragon","R","Red","false","Dragons"
"Rapacious Dragon","Creature - Dragon","R","Red","false","Dragons"
"Hellkite Whelp","Creature - Dragon","R","Red","false","Dragons"
"Sarkhan's Rage","Instant","R","Red","false","Dragons"
"Lathliss, Dragon Queen","Legendary Creature - Dragon","R","Red","false","Dragons"
"Ipnu Rivulet","Land - Desert","U","Lands","false","Drowned"
"Thriving Isle","Land","U","Lands","false","Drowned"
"Island","Basic Land - Island","U","Lands","false","Drowned"
"Island","Basic Land - Island","U","Lands","false","Drowned"
"Island","Basic Land - Island","U","Lands","false","Drowned"
"Island","Basic Land - Island","U","Lands","false","Drowned"
"Island","Basic Land - Island","U","Lands","false","Drowned"
"Island","Basic Land - Island","U","Lands","false","Drowned"
"Silent Departure","Sorcery","U","Blue","false","Drowned"
"Locked in the Cemetery","Enchantment - Aura","U","Blue","false","Drowned"
"Merfolk Pupil","Creature - Merfolk Wizard","U","Blue","false","Drowned"
"Towering-Wave Mystic","Creature - Merfolk Wizard","U","Blue","false","Drowned"
"Neerdiv, Devious Diver","Legendary Creature - Merfolk Rogue","U","Blue","false","Drowned"
"Stitched Drake","Creature - Zombie Drake","U","Blue","false","Drowned"
"Cackling Counterpart","Instant","U","Blue","false","Drowned"
"Cruel Witness","Creature - Bird Horror","U","Blue","false","Drowned"
"Deep Analysis","Sorcery","U","Blue","false","Drowned"
"Shipwreck Dowser","Creature - Merfolk Wizard","U","Blue","false","Drowned"
"Cavalier of Gales","Creature - Elemental Knight","U","Blue","false","Drowned"
"Screaming Swarm","Creature - Bird Horror","U","Blue","false","Drowned"
"Thriving Grove","Land","G","Lands","false","Elves"
"Forest","Basic Land - Forest","G","Lands","false","Elves"
"Forest","Basic Land - Forest","G","Lands","false","Elves"
"Forest","Basic Land - Forest","G","Lands","false","Elves"
"Forest","Basic Land - Forest","G","Lands","false","Elves"
"Forest","Basic Land - Forest","G","Lands","false","Elves"
"Forest","Basic Land - Forest","G","Lands","false","Elves"
"Forest","Basic Land - Forest","G","Lands","false","Elves"
"Llanowar Elves","Creature - Elf Druid","G","Green","false","Elves"
"Go Forth","Instant","G","Green","false","Elves"
"Leaf-Crowned Visionary","Creature - Elf Druid","G","Green","false","Elves"
"Dwynen's Elite","Creature - Elf Warrior","G","Green","false","Elves"
"Band Together","Instant","G","Green","false","Elves"
"Elvish Archdruid","Creature - Elf Druid","G","Green","false","Elves"
"High-Rise Sawjack","Creature - Elf Citizen","G","Green","false","Elves"
"Marwyn, the Nurturer","Legendary Creature - Elf Druid","G","Green","false","Elves"
"Dionus, Elvish Archdruid","Legendary Creature - Elf Druid","G","Green","false","Elves"
"Tyvar Kell","Legendary Planeswalker - Tyvar","BG","Multicolored","false","Elves"
"Overcome","Sorcery","G","Green","false","Elves"
"Voice of the Woods","Creature - Elf","G","Green","false","Elves"
"Thriving Heath","Land","W","Lands","false","Enchanted"
"Plains","Basic Land - Plains","W","Lands","false","Enchanted"
"Plains","Basic Land - Plains","W","Lands","false","Enchanted"
"Plains","Basic Land - Plains","W","Lands","false","Enchanted"
"Plains","Basic Land - Plains","W","Lands","false","Enchanted"
"Plains","Basic Land - Plains","W","Lands","false","Enchanted"
"Plains","Basic Land - Plains","W","Lands","false","Enchanted"
"Plains","Basic Land - Plains","W","Lands","false","Enchanted"
"Cartouche of Solidarity","Enchantment - Aura Cartouche","W","White","false","Enchanted"
"Flutterfox","Creature - Fox","W","White","false","Enchanted"
"Nyx-Fleece Ram","Enchantment Creature - Sheep","W","White","false","Enchanted"
"Starfield Mystic","Creature - Human Cleric","W","White","false","Enchanted"
"Angelic Gift","Enchantment - Aura","W","White","false","Enchanted"
"Eidolon of Astral Winds","Enchantment Creature - Spirit","W","White","false","Enchanted"
"Psemilla, Meletian Poet","Legendary Creature - Human Bard","W","White","false","Enchanted"
"Banishing Light","Enchantment","W","White","false","Enchanted"
"Favored of Iroas","Creature - Human Soldier","W","White","false","Enchanted"
"Cage of Hands","Enchantment - Aura","W","White","false","Enchanted"
"Archon of Sun's Grace","Creature - Archon","W","White","false","Enchanted"
"Sunblade Samurai","Enchantment Creature - Human Samurai","W","White","false","Enchanted"
"Thriving Grove","Land","G","Lands","false","Encounter"
"Forest","Basic Land - Forest","G","Lands","false","Encounter"
"Forest","Basic Land - Forest","G","Lands","false","Encounter"
"Forest","Basic Land - Forest","G","Lands","false","Encounter"
"Forest","Basic Land - Forest","G","Lands","false","Encounter"
"Forest","Basic Land - Forest","G","Lands","false","Encounter"
"Forest","Basic Land - Forest","G","Lands","false","Encounter"
"Forest","Basic Land - Forest","G","Lands","false","Encounter"
"Servant of the Scale","Creature - Human Soldier","G","Green","false","Encounter"
"Snakeskin Veil","Instant","G","Green","false","Encounter"
"Quirion Beastcaller","Creature - Dryad Warrior","G","Green","false","Encounter"
"Big Play","Instant","G","Green","false","Encounter"
"Gnarlid Colony","Creature - Beast","G","Green","false","Encounter"
"Jiang Yanggu, Wildcrafter","Legendary Planeswalker - Yanggu","G","Green","false","Encounter"
"Oran-Rief Ooze","Creature - Ooze","G","Green","false","Encounter"
"Rishkar, Peema Renegade","Legendary Creature - Elf Druid","G","Green","false","Encounter"
"Hungry Megasloth","Creature - Sloth Beast","G","Green","false","Encounter"
"Ainok Artillerist","Creature - Dog Archer","G","Green","false","Encounter"
"Mowu, Loyal Companion","Legendary Creature - Dog","G","Green","false","Encounter"
"Biogenic Upgrade","Sorcery","G","Green","false","Encounter"
"Thriving Grove","Land","G","Lands","false","Explorers"
"Forest","Basic Land - Forest","G","Lands","false","Explorers"
"Forest","Basic Land - Forest","G","Lands","false","Explorers"
"Forest","Basic Land - Forest","G","Lands","false","Explorers"
"Forest","Basic Land - Forest","G","Lands","false","Explorers"
"Forest","Basic Land - Forest","G","Lands","false","Explorers"
"Forest","Basic Land - Forest","G","Lands","false","Explorers"
"Forest","Basic Land - Forest","G","Lands","false","Explorers"
"Go Forth","Instant","G","Green","false","Explorers"
"Adventurous Impulse","Sorcery","G","Green","false","Explorers"
"Explore","Sorcery","G","Green","false","Explorers"
"Woodland Champion","Creature - Elf Scout","G","Green","false","Explorers"
"Merfolk Branchwalker","Creature - Merfolk Scout","G","Green","false","Explorers"
"Clear Shot","Instant","G","Green","false","Explorers"
"Tireless Tracker","Creature - Human Scout","G","Green","false","Explorers"
"Jadelight Ranger","Creature - Merfolk Scout Ranger","G","Green","false","Explorers"
"Tireless Provisioner","Creature - Elf Scout","G","Green","false","Explorers"
"Primeval Herald","Creature - Elf Scout","G","Green","false","Explorers"
"Braulios of Pheres Band","Legendary Creature - Centaur Scout","G","Green","false","Explorers"
"Realm Seekers","Creature - Elf Scout","G","Green","false","Explorers"
"Thriving Grove","Land","G","Lands","false","Fun Guys"
"Forest","Basic Land - Forest","G","Lands","false","Fun Guys"
"Forest","Basic Land - Forest","G","Lands","false","Fun Guys"
"Forest","Basic Land - Forest","G","Lands","false","Fun Guys"
"Forest","Basic Land - Forest","G","Lands","false","Fun Guys"
"Forest","Basic Land - Forest","G","Lands","false","Fun Guys"
"Forest","Basic Land - Forest","G","Lands","false","Fun Guys"
"Forest","Basic Land - Forest","G","Lands","false","Fun Guys"
"Slimy Piper","Creature - Fungus Bard","G","Green","false","Fun Guys"
"Fungal Plots","Enchantment","G","Green","false","Fun Guys"
"Saproling Migration","Sorcery","G","Green","false","Fun Guys"
"Sporecrown Thallid","Creature - Fungus","G","Green","false","Fun Guys"
"Spore Crawler","Creature - Fungus","G","Green","false","Fun Guys"
"Shroofus Sproutsire","Legendary Creature - Saproling","G","Green","false","Fun Guys"
"Undercellar Myconid","Creature - Fungus","G","Green","false","Fun Guys"
"Band Together","Instant","G","Green","false","Fun Guys"
"Briarbridge Tracker","Creature - Human Scout","G","Green","false","Fun Guys"
"Spore Swarm","Instant","G","Green","false","Fun Guys"
"Overcome","Sorcery","G","Green","false","Fun Guys"
"Verdeloth the Ancient","Legendary Creature - Treefolk","G","Green","false","Fun Guys"
"Thriving Moor","Land","B","Lands","false","Ghastly"
"Swamp","Basic Land - Swamp","B","Lands","false","Ghastly"
"Swamp","Basic Land - Swamp","B","Lands","false","Ghastly"
"Swamp","Basic Land - Swamp","B","Lands","false","Ghastly"
"Swamp","Basic Land - Swamp","B","Lands","false","Ghastly"
"Swamp","Basic Land - Swamp","B","Lands","false","Ghastly"
"Swamp","Basic Land - Swamp","B","Lands","false","Ghastly"
"Swamp","Basic Land - Swamp","B","Lands","false","Ghastly"
"Typhoid Rats","Creature - Rat","B","Black","false","Ghastly"
"Tragic Slip","Instant","B","Black","false","Ghastly"
"Doomed Dissenter","Creature - Human","B","Black","false","Ghastly"
"Wriggling Grub","Creature - Worm","B","Black","false","Ghastly"
"Deadly Dispute","Instant","B","Black","false","Ghastly"
"Ozox, the Clattering King","Legendary Creature - Skeleton Noble","B","Black","false","Ghastly"
"Morbid Opportunist","Creature - Human Rogue","B","Black","false","Ghastly"
"Murder","Instant","B","Black","false","Ghastly"
"Moan of the Unhallowed","Sorcery","B","Black","false","Ghastly"
"Harvester of Souls","Creature - Demon","B","Black","false","Ghastly"
"Reaper from the Abyss","Creature - Demon","B","Black","false","Ghastly"
"Army of the Damned","Sorcery","B","Black","false","Ghastly"
"Thriving Heath","Land","W","Lands","false","Giddyap"
"Plains","Basic Land - Plains","W","Lands","false","Giddyap"
"Plains","Basic Land - Plains","W","Lands","false","Giddyap"
"Plains","Basic Land - Plains","W","Lands","false","Giddyap"
"Plains","Basic Land - Plains","W","Lands","false","Giddyap"
"Plains","Basic Land - Plains","W","Lands","false","Giddyap"
"Plains","Basic Land - Plains","W","Lands","false","Giddyap"
"Plains","Basic Land - Plains","W","Lands","false","Giddyap"
"Moment of Triumph","Instant","W","White","false","Giddyap"
"Outflank","Instant","W","White","false","Giddyap"
"Sungrace Pegasus","Creature - Pegasus","W","White","false","Giddyap"
"Banishing Light","Enchantment","W","White","false","Giddyap"
"Celestial Unicorn","Creature - Unicorn","W","White","false","Giddyap"
"Brightmare","Creature - Unicorn","W","White","false","Giddyap"
"Shield Mare","Creature - Horse","W","White","false","Giddyap"
"Thurid, Mare of Destiny","Legendary Creature - Pegasus","W","White","false","Giddyap"
"Tenacity","Instant","W","White","false","Giddyap"
"Sunmane Pegasus","Creature - Pegasus","W","White","false","Giddyap"
"Valkyrie Harbinger","Creature - Angel Cleric","W","White","false","Giddyap"
"Nykthos Paragon","Enchantment Creature - Human Soldier","W","White","false","Giddyap"
"Thriving Bluff","Land","R","Lands","false","Goblins"
"Mountain","Basic Land - Mountain","R","Lands","false","Goblins"
"Mountain","Basic Land - Mountain","R","Lands","false","Goblins"
"Mountain","Basic Land - Mountain","R","Lands","false","Goblins"
"Mountain","Basic Land - Mountain","R","Lands","false","Goblins"
"Mountain","Basic Land - Mountain","R","Lands","false","Goblins"
"Mountain","Basic Land - Mountain","R","Lands","false","Goblins"
"Mountain","Basic Land - Mountain","R","Lands","false","Goblins"
"Shock","Instant","R","Red","false","Goblins"
"Fanatical Firebrand","Creature - Goblin Pirate","R","Red","false","Goblins"
"Battle Cry Goblin","Creature - Goblin","R","Red","false","Goblins"
"Krenko's Command","Sorcery","R","Red","false","Goblins"
"Brute Strength","Instant","R","Red","false","Goblins"
"Fire Prophecy","Instant","R","Red","false","Goblins"
"Goblin Surprise","Instant","R","Red","false","Goblins"
"General Kreat, the Boltbringer","Legendary Creature - Goblin Soldier","R","Red","false","Goblins"
"Dropkick Bomber","Creature - Goblin Warrior","R","Red","false","Goblins"
"Krenko, Tin Street Kingpin","Legendary Creature - Goblin","R","Red","false","Goblins"
"Volley Veteran","Creature - Goblin Warrior","R","Red","false","Goblins"
"Goblin Goliath","Creature - Goblin Mutant","R","Red","false","Goblins"
"Memorial to Folly","Land","B","Lands","false","Grave Robbers"
"Thriving Moor","Land","B","Lands","false","Grave Robbers"
"Swamp","Basic Land - Swamp","B","Lands","false","Grave Robbers"
"Swamp","Basic Land - Swamp","B","Lands","false","Grave Robbers"
"Swamp","Basic Land - Swamp","B","Lands","false","Grave Robbers"
"Swamp","Basic Land - Swamp","B","Lands","false","Grave Robbers"
"Swamp","Basic Land - Swamp","B","Lands","false","Grave Robbers"
"Swamp","Basic Land - Swamp","B","Lands","false","Grave Robbers"
"Eye Collector","Creature - Faerie","B","Black","false","Grave Robbers"
"Necrotic Wound","Instant","B","Black","false","Grave Robbers"
"Eternal Taskmaster","Creature - Zombie","B","Black","false","Grave Robbers"
"Fake Your Own Death","Instant","B","Black","false","Grave Robbers"
"Gorging Vulture","Creature - Bird","B","Black","false","Grave Robbers"
"Graveblade Marauder","Creature - Human Warrior","B","Black","false","Grave Robbers"
"Murder","Instant","B","Black","false","Grave Robbers"
"Doomed Necromancer","Creature - Human Cleric Mercenary","B","Black","false","Grave Robbers"
"Isareth the Awakener","Legendary Creature - Human Wizard","B","Black","false","Grave Robbers"
"Deal Gone Bad","Instant","B","Black","false","Grave Robbers"
"Dreadhound","Creature - Demon Dog","B","Black","false","Grave Robbers"
"Gorex, the Tombshell","Legendary Creature - Zombie Turtle","B","Black","false","Grave Robbers"
"Kabira Crossroads","Land","W","Lands","false","Healers"
"Thriving Heath","Land","W","Lands","false","Healers"
"Plains","Basic Land - Plains","W","Lands","false","Healers"
"Plains","Basic Land - Plains","W","Lands","false","Healers"
"Plains","Basic Land - Plains","W","Lands","false","Healers"
"Plains","Basic Land - Plains","W","Lands","false","Healers"
"Plains","Basic Land - Plains","W","Lands","false","Healers"
"Plains","Basic Land - Plains","W","Lands","false","Healers"
"Speaker of the Heavens","Creature - Human Cleric","W","White","false","Healers"
"Hinterland Sanctifier","Creature - Rabbit Cleric","W","White","false","Healers"
"Ajani's Pridemate","Creature - Cat Soldier","W","White","false","Healers"
"Take Up the Shield","Instant","W","White","false","Healers"
"Deadly Riposte","Instant","W","White","false","Healers"
"Bishop's Soldier","Creature - Vampire Soldier","W","White","false","Healers"
"Angel of Vitality","Creature - Angel","W","White","false","Healers"
"Recumbent Bliss","Enchantment - Aura","W","White","false","Healers"
"Qala, Ajani's Pridemate","Legendary Creature - Cat Warrior","W","White","false","Healers"
"Rhox Faithmender","Creature - Rhino Monk","W","White","false","Healers"
"Faith's Fetters","Enchantment - Aura","W","White","false","Healers"
"Felidar Sovereign","Creature - Cat Beast","W","White","false","Healers"
"Plains","Basic Land - Plains","W","Lands","false","Heroes"
"Plains","Basic Land - Plains","W","Lands","false","Heroes"
"Plains","Basic Land - Plains","W","Lands","false","Heroes"
"Plains","Basic Land - Plains","W","Lands","false","Heroes"
"Plains","Basic Land - Plains","W","Lands","false","Heroes"
"Plains","Basic Land - Plains","W","Lands","false","Heroes"
"Plains","Basic Land - Plains","W","Lands","false","Heroes"
"Thriving Heath","Land","W","Lands","false","Heroes"
"Defiant Strike","Instant","W","White","false","Heroes"
"Favored Hoplite","Creature - Human Soldier","W","White","false","Heroes"
"Gird for Battle","Sorcery","W","White","false","Heroes"
"Brigone, Soldier of Meletis","Legendary Creature - Human Soldier","W","White","false","Heroes"
"Akroan Skyguard","Creature - Human Soldier","W","White","false","Heroes"
"Fencing Ace","Creature - Human Soldier","W","White","false","Heroes"
"Valorous Stance","Instant","W","White","false","Heroes"
"Dauntless Onslaught","Instant","W","White","false","Heroes"
"Tethmos High Priest","Creature - Cat Cleric","W","White","false","Heroes"
"Wingsteed Rider","Creature - Human Knight","W","White","false","Heroes"
"Chains of Custody","Enchantment - Aura","W","White","false","Heroes"
"Ojutai Exemplars","Creature - Human Monk","W","White","false","Heroes"
"Thriving Moor","Land","B","Lands","false","Icky"
"Swamp","Basic Land - Swamp","B","Lands","false","Icky"
"Swamp","Basic Land - Swamp","B","Lands","false","Icky"
"Swamp","Basic Land - Swamp","B","Lands","false","Icky"
"Swamp","Basic Land - Swamp","B","Lands","false","Icky"
"Swamp","Basic Land - Swamp","B","Lands","false","Icky"
"Swamp","Basic Land - Swamp","B","Lands","false","Icky"
"Swamp","Basic Land - Swamp","B","Lands","false","Icky"
"Eaten Alive","Sorcery","B","Black","false","Icky"
"Priest of Forgotten Gods","Creature - Human Cleric","B","Black","false","Icky"
"Wriggling Grub","Creature - Worm","B","Black","false","Icky"
"Fretwork Colony","Creature - Insect","B","Black","false","Icky"
"Go for the Throat","Instant","B","Black","false","Icky"
"Subtle Strike","Instant","B","Black","false","Icky"
"Nantuko Husk","Creature - Zombie Insect","B","Black","false","Icky"
"Endless Cockroaches","Creature - Insect","B","Black","false","Icky"
"Fumulus, the Infestation","Legendary Creature - Vampire Insect","B","Black","false","Icky"
"Torment of Scarabs","Enchantment - Aura Curse","B","Black","false","Icky"
"Swarm of Bloodflies","Creature - Insect","B","Black","false","Icky"
"Morkrut Necropod","Creature - Slug Horror","B","Black","false","Icky"
"Thriving Isle","Land","U","Lands","false","Illusions"
"Island","Basic Land - Island","U","Lands","false","Illusions"
"Island","Basic Land - Island","U","Lands","false","Illusions"
"Island","Basic Land - Island","U","Lands","false","Illusions"
"Island","Basic Land - Island","U","Lands","false","Illusions"
"Island","Basic Land - Island","U","Lands","false","Illusions"
"Island","Basic Land - Island","U","Lands","false","Illusions"
"Island","Basic Land - Island","U","Lands","false","Illusions"
"Phantasmal Shieldback","Creature - Turtle Illusion","U","Blue","false","Illusions"
"Opt","Instant","U","Blue","false","Illusions"
"Lord of the Unreal","Creature - Human Wizard","U","Blue","false","Illusions"
"Haunting Figment","Creature - Illusion","U","Blue","false","Illusions"
"Krovikan Mist","Creature - Illusion","U","Blue","false","Illusions"
"Starlight Snare","Enchantment - Aura","U","Blue","false","Illusions"
"Phantasmal Form","Instant","U","Blue","false","Illusions"
"Phantom Ninja","Creature - Illusion Ninja","U","Blue","false","Illusions"
"Supreme Will","Instant","U","Blue","false","Illusions"
"Murmuring Mystic","Creature - Human Wizard","U","Blue","false","Illusions"
"Oneirophage","Creature - Squid Illusion","U","Blue","false","Illusions"
"Pol Jamaar, Illusionist","Legendary Creature - Human Illusion Wizard","U","Blue","false","Illusions"
"Seat of the Synod","Artifact Land","U","Lands","false","Inventive"
"Island","Basic Land - Island","U","Lands","false","Inventive"
"Thriving Isle","Land","U","Lands","false","Inventive"
"Island","Basic Land - Island","U","Lands","false","Inventive"
"Island","Basic Land - Island","U","Lands","false","Inventive"
"Island","Basic Land - Island","U","Lands","false","Inventive"
"Island","Basic Land - Island","U","Lands","false","Inventive"
"Island","Basic Land - Island","U","Lands","false","Inventive"
"Fading Hope","Instant","U","Blue","false","Inventive"
"Ornithopter of Paradise","Artifact Creature - Thopter","","Colorless","false","Inventive"
"Patchwork Automaton","Artifact Creature - Construct","","Colorless","false","Inventive"
"Guardian Idol","Artifact","","Colorless","false","Inventive"
"Chief of the Foundry","Artifact Creature - Construct","","Colorless","false","Inventive"
"Sai, Master Thopterist","Legendary Creature - Human Artificer","U","Blue","false","Inventive"
"Filigree Attendant","Artifact Creature - Homunculus","U","Blue","false","Inventive"
"Malfunction","Enchantment - Aura","U","Blue","false","Inventive"
"Treasure Keeper","Artifact Creature - Construct","","Colorless","false","Inventive"
"Padeem, Consul of Innovation","Legendary Creature - Vedalken Artificer","U","Blue","false","Inventive"
"Shimmer Dragon","Creature - Dragon","U","Blue","false","Inventive"
"Thought Monitor","Artifact Creature - Construct","U","Blue","false","Inventive"
"Evolving Wilds","Land","","Lands","false","Landfall"
"Thriving Grove","Land","G","Lands","false","Landfall"
"Forest","Basic Land - Forest","G","Lands","false","Landfall"
"Forest","Basic Land - Forest","G","Lands","false","Landfall"
"Forest","Basic Land - Forest","G","Lands","false","Landfall"
"Forest","Basic Land - Forest","G","Lands","false","Landfall"
"Forest","Basic Land - Forest","G","Lands","false","Landfall"
"Forest","Basic Land - Forest","G","Lands","false","Landfall"
"Groundswell","Instant","G","Green","false","Landfall"
"Lotus Cobra","Creature - Snake","G","Green","false","Landfall"
"Adventure Awaits","Sorcery","G","Green","false","Landfall"
"Bite Down","Instant","G","Green","false","Landfall"
"Scythecat Cub","Creature - Cat","G","Green","false","Landfall"
"Harrow","Instant","G","Green","false","Landfall"
"Retreat to Kazandu","Enchantment","G","Green","false","Landfall"
"Sutina, Speaker of the Tajuru","Legendary Creature - Elf Scout","G","Green","false","Landfall"
"Territorial Scythecat","Creature - Cat","G","Green","false","Landfall"
"Sporemound","Creature - Fungus","G","Green","false","Landfall"
"Ancient Greenwarden","Creature - Elemental","G","Green","false","Landfall"
"Krosan Tusker","Creature - Boar Beast","G","Green","false","Landfall"
"Plains","Basic Land - Plains","W","Lands","false","Legion"
"Memorial to Glory","Land","W","Lands","false","Legion"
"Thriving Heath","Land","W","Lands","false","Legion"
"Plains","Basic Land - Plains","W","Lands","false","Legion"
"Plains","Basic Land - Plains","W","Lands","false","Legion"
"Plains","Basic Land - Plains","W","Lands","false","Legion"
"Plains","Basic Land - Plains","W","Lands","false","Legion"
"Plains","Basic Land - Plains","W","Lands","false","Legion"
"Recruitment Officer","Creature - Human Soldier","W","White","false","Legion"
"Dawnwing Marshal","Creature - Cat Soldier","W","White","false","Legion"
"Raise the Alarm","Instant","W","White","false","Legion"
"Ancestral Blade","Artifact - Equipment","W","White","false","Legion"
"Adeline, Resplendent Cathar","Legendary Creature - Human Knight","W","White","false","Legion"
"Make a Stand","Instant","W","White","false","Legion"
"Mentor of the Meek","Creature - Human Soldier","W","White","false","Legion"
"Mace of the Valiant","Artifact - Equipment","W","White","false","Legion"
"Conclave Tribunal","Enchantment","W","White","false","Legion"
"Defend the Campus","Instant","W","White","false","Legion"
"Venerated Loxodon","Creature - Elephant Cleric","W","White","false","Legion"
"Triplicate Spirits","Sorcery","W","White","false","Legion"
"Cave of Temptation","Land","","Lands","false","Modified"
"Thriving Grove","Land","G","Lands","false","Modified"
"Forest","Basic Land - Forest","G","Lands","false","Modified"
"Forest","Basic Land - Forest","G","Lands","false","Modified"
"Forest","Basic Land - Forest","G","Lands","false","Modified"
"Forest","Basic Land - Forest","G","Lands","false","Modified"
"Forest","Basic Land - Forest","G","Lands","false","Modified"
"Forest","Basic Land - Forest","G","Lands","false","Modified"
"Audacity","Enchantment - Aura","G","Green","false","Modified"
"Snakeskin Veil","Instant","G","Green","false","Modified"
"Gnarlid Colony","Creature - Beast","G","Green","false","Modified"
"Orochi Merge-Keeper","Creature - Snake Druid","G","Green","false","Modified"
"Warbriar Blessing","Enchantment - Aura","G","Green","false","Modified"
"Undergrowth Champion","Creature - Elemental","G","Green","false","Modified"
"Kodama of the West Tree","Legendary Creature - Spirit","G","Green","false","Modified"
"Heir of the Ancient Fang","Creature - Snake Samurai","G","Green","false","Modified"
"Saurian Symbiote","Creature - Fungus Dinosaur","G","Green","false","Modified"
"Defend the Celestus","Instant","G","Green","false","Modified"
"Forgotten Ancient","Creature - Elemental","G","Green","false","Modified"
"Shardless Outlander","Artifact Creature - Construct Scout","","Colorless","false","Modified"
"Swamp","Basic Land - Swamp","B","Lands","false","N'er-do-Wells"
"Thriving Moor","Land","B","Lands","false","N'er-do-Wells"
"Swamp","Basic Land - Swamp","B","Lands","false","N'er-do-Wells"
"Swamp","Basic Land - Swamp","B","Lands","false","N'er-do-Wells"
"Swamp","Basic Land - Swamp","B","Lands","false","N'er-do-Wells"
"Swamp","Basic Land - Swamp","B","Lands","false","N'er-do-Wells"
"Swamp","Basic Land - Swamp","B","Lands","false","N'er-do-Wells"
"Swamp","Basic Land - Swamp","B","Lands","false","N'er-do-Wells"
"Thieves' Guild Enforcer","Creature - Human Rogue","B","Black","false","N'er-do-Wells"
"Pilfering Imp","Creature - Imp","B","Black","false","N'er-do-Wells"
"Thieves' Tools","Artifact - Equipment","B","Black","false","N'er-do-Wells"
"Fake Your Own Death","Instant","B","Black","false","N'er-do-Wells"
"Murder","Instant","B","Black","false","N'er-do-Wells"
"Morbid Opportunist","Creature - Human Rogue","B","Black","false","N'er-do-Wells"
"Audacious Thief","Creature - Human Rogue","B","Black","false","N'er-do-Wells"
"Grim Bounty","Sorcery","B","Black","false","N'er-do-Wells"
"Rev, Tithe Extractor","Legendary Creature - Human Rogue","B","Black","false","N'er-do-Wells"
"Balustrade Spy","Creature - Vampire Rogue","B","Black","false","N'er-do-Wells"
"Bloodgift Demon","Creature - Demon","B","Black","false","N'er-do-Wells"
"Serpent Assassin","Creature - Snake Assassin","B","Black","false","N'er-do-Wells"
"Thriving Moor","Land","B","Lands","false","Nefarious"
"Swamp","Basic Land - Swamp","B","Lands","false","Nefarious"
"Swamp","Basic Land - Swamp","B","Lands","false","Nefarious"
"Swamp","Basic Land - Swamp","B","Lands","false","Nefarious"
"Swamp","Basic Land - Swamp","B","Lands","false","Nefarious"
"Swamp","Basic Land - Swamp","B","Lands","false","Nefarious"
"Swamp","Basic Land - Swamp","B","Lands","false","Nefarious"
"Swamp","Basic Land - Swamp","B","Lands","false","Nefarious"
"Alchemist's Gift","Instant","B","Black","false","Nefarious"
"Ulcerate","Instant","B","Black","false","Nefarious"
"Dark Confidant","Creature - Human Wizard","B","Black","false","Nefarious"
"Scourge of the Undercity","Creature - Gorgon Vampire","B","Black","false","Nefarious"
"Infernal Grasp","Instant","B","Black","false","Nefarious"
"Metalspinner's Puzzleknot","Artifact","B","Black","false","Nefarious"
"Audacious Thief","Creature - Human Rogue","B","Black","false","Nefarious"
"Read the Bones","Sorcery","B","Black","false","Nefarious"
"Howling Banshee","Creature - Spirit","B","Black","false","Nefarious"
"Sangromancer","Creature - Vampire Shaman","B","Black","false","Nefarious"
"Vampire Scrivener","Creature - Vampire Warlock","B","Black","false","Nefarious"
"Vilis, Broker of Blood","Legendary Creature - Demon","B","Black","false","Nefarious"
"Thriving Isle","Land","U","Lands","false","Ninjas"
"Island","Basic Land - Island","U","Lands","false","Ninjas"
"Island","Basic Land - Island","U","Lands","false","Ninjas"
"Island","Basic Land - Island","U","Lands","false","Ninjas"
"Island","Basic Land - Island","U","Lands","false","Ninjas"
"Island","Basic Land - Island","U","Lands","false","Ninjas"
"Island","Basic Land - Island","U","Lands","false","Ninjas"
"Island","Basic Land - Island","U","Lands","false","Ninjas"
"Fading Hope","Instant","U","Blue","false","Ninjas"
"Network Disruptor","Artifact Creature - Moonfolk Rogue","U","Blue","false","Ninjas"
"Moon-Circuit Hacker","Enchantment Creature - Human Ninja","U","Blue","false","Ninjas"
"Nightveil Sprite","Creature - Faerie Rogue","U","Blue","false","Ninjas"
"Stolen by the Fae","Sorcery","U","Blue","false","Ninjas"
"Smoke Shroud","Enchantment - Aura","U","Blue","false","Ninjas"
"Starlight Snare","Enchantment - Aura","U","Blue","false","Ninjas"
"Phantom Ninja","Creature - Illusion Ninja","U","Blue","false","Ninjas"
"Prosperous Thief","Creature - Human Ninja","U","Blue","false","Ninjas"
"Whirlwind Denial","Instant","U","Blue","false","Ninjas"
"Taeko, the Patient Avalanche","Legendary Creature - Turtle Ninja","BU","Multicolored","false","Ninjas"
"Ninja of the Deep Hours","Creature - Human Ninja","U","Blue","false","Ninjas"
"Lonely Sandbar","Land","U","Lands","false","Of the Coast"
"Thriving Isle","Land","U","Lands","false","Of the Coast"
"Island","Basic Land - Island","U","Lands","false","Of the Coast"
"Island","Basic Land - Island","U","Lands","false","Of the Coast"
"Island","Basic Land - Island","U","Lands","false","Of the Coast"
"Island","Basic Land - Island","U","Lands","false","Of the Coast"
"Island","Basic Land - Island","U","Lands","false","Of the Coast"
"Island","Basic Land - Island","U","Lands","false","Of the Coast"
"Opt","Instant","U","Blue","false","Of the Coast"
"Omen of the Sea","Enchantment","U","Blue","false","Of the Coast"
"Purple-Crystal Crab","Creature - Crab","U","Blue","false","Of the Coast"
"Sigiled Starfish","Creature - Starfish","U","Blue","false","Of the Coast"
"Glimmerbell","Creature - Elemental Jellyfish","U","Blue","false","Of the Coast"
"Plagon, Lord of the Beach","Legendary Creature - Starfish Wizard","UW","Multicolored","false","Of the Coast"
"Starlight Snare","Enchantment - Aura","U","Blue","false","Of the Coast"
"Nadir Kraken","Creature - Kraken","U","Blue","false","Of the Coast"
"Yarok's Wavecrasher","Creature - Elemental","U","Blue","false","Of the Coast"
"Azure Drake","Creature - Drake","U","Blue","false","Of the Coast"
"Shipwreck Dowser","Creature - Merfolk Wizard","U","Blue","false","Of the Coast"
"Kapsho Kitefins","Creature - Fish","U","Blue","false","Of the Coast"
"Thriving Heath","Land","W","Lands","false","Prideful"
"Plains","Basic Land - Plains","W","Lands","false","Prideful"
"Plains","Basic Land - Plains","W","Lands","false","Prideful"
"Plains","Basic Land - Plains","W","Lands","false","Prideful"
"Plains","Basic Land - Plains","W","Lands","false","Prideful"
"Plains","Basic Land - Plains","W","Lands","false","Prideful"
"Plains","Basic Land - Plains","W","Lands","false","Prideful"
"Plains","Basic Land - Plains","W","Lands","false","Prideful"
"Leonin Scimitar","Artifact - Equipment","","Colorless","false","Prideful"
"Leonin Vanguard","Creature - Cat Soldier","W","White","false","Prideful"
"Savannah Lions","Creature - Cat","W","White","false","Prideful"
"Dawnwing Marshal","Creature - Cat Soldier","W","White","false","Prideful"
"Pacifism","Enchantment - Aura","W","White","false","Prideful"
"Take Up the Shield","Instant","W","White","false","Prideful"
"Brimaz, King of Oreskos","Legendary Creature - Cat Soldier","W","White","false","Prideful"
"King of the Pride","Creature - Cat","W","White","false","Prideful"
"Basri's Acolyte","Creature - Cat Cleric","W","White","false","Prideful"
"Ajani, Adversary of Tyrants","Legendary Planeswalker - Ajani","W","White","false","Prideful"
"Ingenious Leonin","Creature - Cat Soldier","W","White","false","Prideful"
"Light of the Legion","Creature - Angel","W","White","false","Prideful"
"Thriving Moor","Land","B","Lands","false","Snakes"
"Swamp","Basic Land - Swamp","B","Lands","false","Snakes"
"Swamp","Basic Land - Swamp","B","Lands","false","Snakes"
"Swamp","Basic Land - Swamp","B","Lands","false","Snakes"
"Swamp","Basic Land - Swamp","B","Lands","false","Snakes"
"Swamp","Basic Land - Swamp","B","Lands","false","Snakes"
"Swamp","Basic Land - Swamp","B","Lands","false","Snakes"
"Swamp","Basic Land - Swamp","B","Lands","false","Snakes"
"Killing Glare","Instant","B","Black","false","Snakes"
"Coat with Venom","Instant","B","Black","false","Snakes"
"Pharika's Chosen","Creature - Snake","B","Black","false","Snakes"
"Aphelia, Viper Whisperer","Legendary Creature - Gorgon Assassin","BG","Multicolored","false","Snakes"
"Scourge of the Undercity","Creature - Gorgon Vampire","B","Black","false","Snakes"
"Night's Whisper","Sorcery","B","Black","false","Snakes"
"Gorgon Flail","Artifact - Equipment","","Colorless","false","Snakes"
"Hooded Blightfang","Creature - Snake","B","Black","false","Snakes"
"Vraska's Finisher","Creature - Gorgon Assassin","B","Black","false","Snakes"
"Venomous Hierophant","Creature - Gorgon Cleric","B","Black","false","Snakes"
"Serpent Assassin","Creature - Snake Assassin","B","Black","false","Snakes"
"Necropolis Regent","Creature - Vampire","B","Black","false","Snakes"
"Thriving Isle","Land","U","Lands","false","Soaring"
"Island","Basic Land - Island","U","Lands","false","Soaring"
"Island","Basic Land - Island","U","Lands","false","Soaring"
"Island","Basic Land - Island","U","Lands","false","Soaring"
"Island","Basic Land - Island","U","Lands","false","Soaring"
"Island","Basic Land - Island","U","Lands","false","Soaring"
"Island","Basic Land - Island","U","Lands","false","Soaring"
"Island","Basic Land - Island","U","Lands","false","Soaring"
"Faerie Seer","Creature - Faerie Wizard","U","Blue","false","Soaring"
"Nightveil Sprite","Creature - Faerie Rogue","U","Blue","false","Soaring"
"Serpentine Ambush","Instant","U","Blue","false","Soaring"
"Malcator's Watcher","Artifact Creature - Phyrexian Drone","U","Blue","false","Soaring"
"Owl Familiar","Creature - Bird","U","Blue","false","Soaring"
"Starlight Snare","Enchantment - Aura","U","Blue","false","Soaring"
"Winged Words","Sorcery","U","Blue","false","Soaring"
"Warden of Evos Isle","Creature - Bird Wizard","U","Blue","false","Soaring"
"Mu Yanling, Sky Dancer","Legendary Planeswalker - Yanling","U","Blue","false","Soaring"
"Sprite Noble","Creature - Faerie Noble","U","Blue","false","Soaring"
"Cynette, Jelly Drover","Legendary Creature - Human Wizard","U","Blue","false","Soaring"
"Windreader Sphinx","Creature - Sphinx","U","Blue","false","Soaring"
"Cave of Temptation","Land","","Lands","false","Stalwart"
"Thriving Heath","Land","W","Lands","false","Stalwart"
"Plains","Basic Land - Plains","W","Lands","false","Stalwart"
"Plains","Basic Land - Plains","W","Lands","false","Stalwart"
"Plains","Basic Land - Plains","W","Lands","false","Stalwart"
"Plains","Basic Land - Plains","W","Lands","false","Stalwart"
"Plains","Basic Land - Plains","W","Lands","false","Stalwart"
"Plains","Basic Land - Plains","W","Lands","false","Stalwart"
"Mikaeus, the Lunarch","Legendary Creature - Human Cleric","W","White","false","Stalwart"
"Star Pupil","Creature - Human Wizard","W","White","false","Stalwart"
"Generous Pup","Creature - Dog","W","White","false","Stalwart"
"Urdnan, Dromoka Warrior","Legendary Creature - Human Warrior","W","White","false","Stalwart"
"Angelic Cub","Creature - Cat Angel","W","White","false","Stalwart"
"Swift Response","Instant","W","White","false","Stalwart"
"Battlefield Promotion","Instant","W","White","false","Stalwart"
"Take Up the Shield","Instant","W","White","false","Stalwart"
"Basri's Solidarity","Sorcery","W","White","false","Stalwart"
"Jubilant Mascot","Creature - Homunculus","W","White","false","Stalwart"
"Basri's Lieutenant","Creature - Human Knight","W","White","false","Stalwart"
"Patron of the Valiant","Creature - Angel","W","White","false","Stalwart"
"Thriving Bluff","Land","R","Lands","false","Stoked"
"Mountain","Basic Land - Mountain","R","Lands","false","Stoked"
"Mountain","Basic Land - Mountain","R","Lands","false","Stoked"
"Mountain","Basic Land - Mountain","R","Lands","false","Stoked"
"Mountain","Basic Land - Mountain","R","Lands","false","Stoked"
"Mountain","Basic Land - Mountain","R","Lands","false","Stoked"
"Mountain","Basic Land - Mountain","R","Lands","false","Stoked"
"Mountain","Basic Land - Mountain","R","Lands","false","Stoked"
"Satyr Hoplite","Creature - Satyr Soldier","R","Red","false","Stoked"
"Coordinated Assault","Instant","R","Red","false","Stoked"
"Titan's Strength","Instant","R","Red","false","Stoked"
"Kiln Fiend","Creature - Elemental Beast","R","Red","false","Stoked"
"Twinferno","Instant","R","Red","false","Stoked"
"Dreadhorde Arcanist","Creature - Zombie Wizard","R","Red","false","Stoked"
"Young Pyromancer","Creature - Human Shaman","R","Red","false","Stoked"
"Hearts on Fire","Instant","R","Red","false","Stoked"
"Frontline Heroism","Enchantment","R","Red","false","Stoked"
"Cleon, Merry Champion","Legendary Creature - Human Soldier","R","Red","false","Stoked"
"Hero of the Games","Creature - Human Soldier","R","Red","false","Stoked"
"Mirrorwing Dragon","Creature - Dragon","R","Red","false","Stoked"
"Thriving Isle","Land","U","Lands","false","Surprise!"
"Island","Basic Land - Island","U","Lands","false","Surprise!"
"Island","Basic Land - Island","U","Lands","false","Surprise!"
"Island","Basic Land - Island","U","Lands","false","Surprise!"
"Island","Basic Land - Island","U","Lands","false","Surprise!"
"Island","Basic Land - Island","U","Lands","false","Surprise!"
"Island","Basic Land - Island","U","Lands","false","Surprise!"
"Island","Basic Land - Island","U","Lands","false","Surprise!"
"Opt","Instant","U","Blue","false","Surprise!"
"Spectral Sailor","Creature - Spirit Pirate","U","Blue","false","Surprise!"
"Fading Hope","Instant","U","Blue","false","Surprise!"
"Brineborn Cutthroat","Creature - Merfolk Pirate","U","Blue","false","Surprise!"
"Starlit Mantle","Enchantment - Aura","U","Blue","false","Surprise!"
"Naiad of Hidden Coves","Enchantment Creature - Nymph","U","Blue","false","Surprise!"
"Pestermite","Creature - Faerie Rogue","U","Blue","false","Surprise!"
"Wavebreak Hippocamp","Enchantment Creature - Horse Fish","U","Blue","false","Surprise!"
"Supreme Will","Instant","U","Blue","false","Surprise!"
"Breaching Hippocamp","Creature - Horse Fish","U","Blue","false","Surprise!"
"Thryx, the Sudden Storm","Legendary Creature - Elemental Giant","U","Blue","false","Surprise!"
"Voracious Greatshark","Creature - Shark","U","Blue","false","Surprise!"
"Thriving Bluff","Land","R","Lands","false","Too Many"
"Mountain","Basic Land - Mountain","R","Lands","false","Too Many"
"Mountain","Basic Land - Mountain","R","Lands","false","Too Many"
"Mountain","Basic Land - Mountain","R","Lands","false","Too Many"
"Mountain","Basic Land - Mountain","R","Lands","false","Too Many"
"Mountain","Basic Land - Mountain","R","Lands","false","Too Many"
"Mountain","Basic Land - Mountain","R","Lands","false","Too Many"
"Mountain","Basic Land - Mountain","R","Lands","false","Too Many"
"Weaselback Redcap","Creature - Goblin Knight","R","Red","false","Too Many"
"Krenko's Command","Sorcery","R","Red","false","Too Many"
"Reckless Impulse","Sorcery","R","Red","false","Too Many"
"Twinferno","Instant","R","Red","false","Too Many"
"Goblin Surprise","Instant","R","Red","false","Too Many"
"Brothers Yamazaki","Legendary Creature - Human Samurai","R","Red","false","Too Many"
"Brothers Yamazaki","Legendary Creature - Human Samurai","R","Red","false","Too Many"
"Markov Blademaster","Creature - Vampire Warrior","R","Red","false","Too Many"
"Battle-Rattle Shaman","Creature - Goblin Shaman","R","Red","false","Too Many"
"Furious Reprisal","Sorcery","R","Red","false","Too Many"
"Falkenrath Marauders","Creature - Vampire Warrior","R","Red","false","Too Many"
"Fiendish Duo","Creature - Devil","R","Red","false","Too Many"
"Swamp","Basic Land - Swamp","B","Lands","false","Treasures"
"Thriving Moor","Land","B","Lands","false","Treasures"
"Vault of Whispers","Artifact Land","B","Lands","false","Treasures"
"Swamp","Basic Land - Swamp","B","Lands","false","Treasures"
"Swamp","Basic Land - Swamp","B","Lands","false","Treasures"
"Swamp","Basic Land - Swamp","B","Lands","false","Treasures"
"Swamp","Basic Land - Swamp","B","Lands","false","Treasures"
"Swamp","Basic Land - Swamp","B","Lands","false","Treasures"
"Shambling Ghast","Creature - Zombie","B","Black","false","Treasures"
"Deadly Dispute","Instant","B","Black","false","Treasures"
"Dire Fleet Hoarder","Creature - Human Pirate","B","Black","false","Treasures"
"Powerstone Fracture","Sorcery","B","Black","false","Treasures"
"Bastion of Remembrance","Enchantment","B","Black","false","Treasures"
"Ruthless Knave","Creature - Orc Pirate","B","Black","false","Treasures"
"Evereth, Viceroy of Plunder","Legendary Creature - Vampire Soldier","BR","Multicolored","false","Treasures"
"Ruthless Technomancer","Creature - Human Wizard","B","Black","false","Treasures"
"Pitiless Plunderer","Creature - Human Pirate","B","Black","false","Treasures"
"Grim Bounty","Sorcery","B","Black","false","Treasures"
"Liliana, Death's Majesty","Legendary Planeswalker - Liliana","B","Black","false","Treasures"
"Dusk Mangler","Creature - Horror","B","Black","false","Treasures"
"Thriving Moor","Land","B","Lands","false","Vampires"
"Swamp","Basic Land - Swamp","B","Lands","false","Vampires"
"Swamp","Basic Land - Swamp","B","Lands","false","Vampires"
"Swamp","Basic Land - Swamp","B","Lands","false","Vampires"
"Swamp","Basic Land - Swamp","B","Lands","false","Vampires"
"Swamp","Basic Land - Swamp","B","Lands","false","Vampires"
"Swamp","Basic Land - Swamp","B","Lands","false","Vampires"
"Swamp","Basic Land - Swamp","B","Lands","false","Vampires"
"Gift of Fangs","Enchantment - Aura","B","Black","false","Vampires"
"Urge to Feed","Instant","B","Black","false","Vampires"
"Go for the Throat","Instant","B","Black","false","Vampires"
"Exsanguinate","Sorcery","B","Black","false","Vampires"
"Creeping Bloodsucker","Creature - Vampire","B","Black","false","Vampires"
"Bloodthirsty Aerialist","Creature - Vampire Rogue","B","Black","false","Vampires"
"Vampire Nighthawk","Creature - Vampire Shaman","B","Black","false","Vampires"
"Sanctum Seeker","Creature - Vampire Knight","B","Black","false","Vampires"
"Thirsting Bloodlord","Creature - Vampire","B","Black","false","Vampires"
"Nazar, the Velvet Fang","Legendary Creature - Vampire Warlock","B","Black","false","Vampires"
"Crossway Troublemakers","Creature - Vampire","B","Black","false","Vampires"
"Rodolf Duskbringer","Legendary Creature - Vampire Angel","BW","Multicolored","false","Vampires"
"Ghitu Encampment","Land","R","Lands","false","Warriors"
"Thriving Bluff","Land","R","Lands","false","Warriors"
"Mountain","Basic Land - Mountain","R","Lands","false","Warriors"
"Mountain","Basic Land - Mountain","R","Lands","false","Warriors"
"Mountain","Basic Land - Mountain","R","Lands","false","Warriors"
"Mountain","Basic Land - Mountain","R","Lands","false","Warriors"
"Mountain","Basic Land - Mountain","R","Lands","false","Warriors"
"Mountain","Basic Land - Mountain","R","Lands","false","Warriors"
"Kindled Fury","Instant","R","Red","false","Warriors"
"Infuriate","Instant","R","Red","false","Warriors"
"Goma Fada Vanguard","Creature - Human Warrior","R","Red","false","Warriors"
"Kargan Intimidator","Creature - Human Warrior","R","Red","false","Warriors"
"Pyrophobia","Sorcery","R","Red","false","Warriors"
"Gornog, the Red Reaper","Legendary Creature - Minotaur Warrior","R","Red","false","Warriors"
"Boggart Brute","Creature - Goblin Warrior","R","Red","false","Warriors"
"Daybreak Combatants","Creature - Human Warrior","R","Red","false","Warriors"
"Soul Sear","Instant","R","Red","false","Warriors"
"Goblin Rabblemaster","Creature - Goblin Warrior","R","Red","false","Warriors"
"Wrecking Crew","Creature - Human Warrior","R","Red","false","Warriors"
"Boldwyr Intimidator","Creature - Giant Warrior","R","Red","false","Warriors"
"Thriving Isle","Land","U","Lands","false","Wizards"
"Island","Basic Land - Island","U","Lands","false","Wizards"
"Island","Basic Land - Island","U","Lands","false","Wizards"
"Island","Basic Land - Island","U","Lands","false","Wizards"
"Island","Basic Land - Island","U","Lands","false","Wizards"
"Island","Basic Land - Island","U","Lands","false","Wizards"
"Island","Basic Land - Island","U","Lands","false","Wizards"
"Island","Basic Land - Island","U","Lands","false","Wizards"
"Faerie Seer","Creature - Faerie Wizard","U","Blue","false","Wizards"
"Naban, Dean of Iteration","Legendary Creature - Human Wizard","U","Blue","false","Wizards"
"Augur of Bolas","Creature - Merfolk Wizard","U","Blue","false","Wizards"
"Remand","Instant","U","Blue","false","Wizards"
"Starlight Snare","Enchantment - Aura","U","Blue","false","Wizards"
"Exclusion Mage","Creature - Human Wizard","U","Blue","false","Wizards"
"Aether Channeler","Creature - Human Wizard","U","Blue","false","Wizards"
"Frost Trickster","Creature - Bird Wizard","U","Blue","false","Wizards"
"Concentrate","Sorcery","U","Blue","false","Wizards"
"Expedition Diviner","Creature - Merfolk Wizard","U","Blue","false","Wizards"
"Venser, Shaper Savant","Legendary Creature - Human Wizard","U","Blue","false","Wizards"
"Shipwreck Dowser","Creature - Merfolk Wizard","U","Blue","false","Wizards"
"Desert of the Fervent","Land - Desert","R","Lands","false","Zealots"
"Thriving Bluff","Land","R","Lands","false","Zealots"
"Mountain","Basic Land - Mountain","R","Lands","false","Zealots"
"Mountain","Basic Land - Mountain","R","Lands","false","Zealots"
"Mountain","Basic Land - Mountain","R","Lands","false","Zealots"
"Mountain","Basic Land - Mountain","R","Lands","false","Zealots"
"Mountain","Basic Land - Mountain","R","Lands","false","Zealots"
"Mountain","Basic Land - Mountain","R","Lands","false","Zealots"
"Kindled Fury","Instant","R","Red","false","Zealots"
"Bloodlust Inciter","Creature - Human Warrior","R","Red","false","Zealots"
"Shock","Instant","R","Red","false","Zealots"
"Battlefield Scavenger","Creature - Jackal Rogue","R","Red","false","Zealots"
"Brute Strength","Instant","R","Red","false","Zealots"
"Fling","Instant","R","Red","false","Zealots"
"Pathmaker Initiate","Creature - Human Wizard","R","Red","false","Zealots"
"Anep, Vizier of Hazoret","Legendary Creature - Jackal Warrior","R","Red","false","Zealots"
"Ahn-Crop Crasher","Creature - Minotaur Warrior","R","Red","false","Zealots"
"Combat Celebrant","Creature - Human Warrior","R","Red","false","Zealots"
"Sandstorm Crasher","Creature - Minotaur Berserker Wizard","R","Red","false","Zealots"
"Zealous Conscripts","Creature - Human Warrior","R","Red","false","Zealots"
"Faithful Pikemaster","Creature - Rhino Monk Soldier","W","White","true","Angels"
"Starnheim Memento","Artifact","W","White","true","Angels"
"Pacifism","Enchantment - Aura","W","White","true","Angels"
"Deadly Riposte","Instant","W","White","true","Armed"
"Trusty Retriever","Creature - Dog","W","White","true","Armed"
"Mirran Bardiche","Artifact - Equipment","W","White","true","Armed"
"Starnheim Memento","Artifact","W","White","true","Armed"
"Light the Way","Instant","W","White","true","Armed"
"Militant Inquisitor","Creature - Human Cleric","W","White","true","Armed"
"Pacifism","Enchantment - Aura","W","White","true","Armed"
"Cyclops Electromancer","Creature - Cyclops Wizard","R","Red","true","Copied"
"Armored Kincaller","Creature - Dinosaur","G","Green","true","Dinosaurs"
"Overwhelm","Sorcery","G","Green","true","Fun Guys"
"Faithful Pikemaster","Creature - Rhino Monk Soldier","W","White","true","Heroes"
"Repel the Darkness","Instant","W","White","true","Heroes"
"Search Party Captain","Creature - Human Soldier","W","White","true","Legion"
"Foul Play","Sorcery","B","Black","true","N'er-do-Wells"
"Tolarian Kraken","Creature - Kraken","U","Blue","true","Bookworms"
"Mystic Skyfish","Creature - Fish","U","Blue","true","Bookworms"
"Shore Keeper","Creature - Trilobite","U","Blue","true","Bookworms"
"Starlight Snare","Enchantment - Aura","U","Blue","true","Bookworms"
"Witching Well","Artifact","U","Blue","true","Bookworms"
"Uncomfortable Chill","Instant","U","Blue","true","Bookworms"
"Plate Armor","Artifact - Equipment","W","White","true","Armed"
"Faithful Pikemaster","Creature - Rhino Monk Soldier","W","White","true","Armed"
"Thopter Architect","Creature - Human Artificer","W","White","true","Armed"
"Explore","Sorcery","G","Green","true","Beasts"
"Gift of the Gargantuan","Sorcery","G","Green","true","Beasts"
"Village Rites","Instant","B","Black","true","Icky"
"Devouring Swarm","Creature - Insect","B","Black","true","Icky"
"Heartstabber Mosquito","Creature - Insect","B","Black","true","Icky"
"Elite Skirmisher","Creature - Human Soldier","W","White","true","Heroes"
"Moment of Heroism","Instant","W","White","true","Heroes"
"Virus Beetle","Artifact Creature - Insect","B","Black","true","Icky"
"Woodland Liege","Creature - Elf Druid Noble","G","Green","true","Beasts"
"Baloth Gorger","Creature - Beast","G","Green","true","Beasts"
"Valkyrie's Sword","Artifact - Equipment","W","White","true","Armed"
"Ancestral Anger","Sorcery","R","Red","true","Copied"
"Fire Prophecy","Instant","R","Red","true","Copied"
"Scholar of Combustion","Creature - Human Wizard","R","Red","true","Copied"
"Commune with Dinosaurs","Sorcery","G","Green","true","Dinosaurs"
"Waker of Waves","Creature - Whale","U","Blue","true","Drowned"
"Wall of Lost Thoughts","Creature - Wall","U","Blue","true","Drowned"
"Sudden Insight","Instant","U","Blue","true","Drowned"
"Open Fire","Instant","R","Red","true","Goblins"
"Scavenged Blade","Artifact - Equipment","R","Red","true","Goblins"
"Dross Hopper","Creature - Phyrexian Insect Horror","B","Black","true","Ghastly"
"Morkrut Behemoth","Creature - Zombie Giant","B","Black","true","Ghastly"
"Crawl from the Cellar","Sorcery","B","Black","true","Ghastly"
"Daybreak Chaplain","Creature - Human Cleric","W","White","true","Healers"
"Brightmare","Creature - Unicorn","W","White","true","Healers"
"Revitalize","Instant","W","White","true","Healers"
"Shorecomber Crab","Creature - Crab","U","Blue","true","Of the Coast"
"Run Ashore","Instant","U","Blue","true","Of the Coast"
"Opt","Instant","U","Blue","true","Soaring"
"Shorecomber Crab","Creature - Crab","U","Blue","true","Soaring"
"Uncomfortable Chill","Instant","U","Blue","true","Soaring"
"Unstoppable Ogre","Artifact Creature - Ogre Warrior","R","Red","true","Warriors"
"Kruin Striker","Creature - Human Warrior","R","Red","true","Warriors"
"Keldon Raider","Creature - Human Warrior","R","Red","true","Warriors"
"Contract Killing","Sorcery","B","Black","true","Treasures"
"Gluttonous Guest","Creature - Vampire","B","Black","true","Vampires"
"Blood Fountain","Artifact","B","Black","true","Vampires"
"Relic Axe","Artifact - Equipment","","Colorless","true","Warriors"
"Starlight Snare","Enchantment - Aura","U","Blue","true","Surprise!"
"Uncomfortable Chill","Instant","U","Blue","true","Surprise!"
"Undersea Invader","Creature - Giant Rogue","U","Blue","true","Surprise!"
"Crystacean","Creature - Crab","U","Blue","true","Surprise!"
"Aven Reedstalker","Creature - Bird Warrior","U","Blue","true","Surprise!"
"Zealot of the God-Pharaoh","Creature - Minotaur Archer","R","Red","true","Zealots"
"Hearts on Fire","Instant","R","Red","true","Zealots"
"Nef-Crop Entangler","Creature - Human Warrior","R","Red","true","Zealots"
"Reckless Amplimancer","Creature - Elf Druid","G","Green","true","Encounter"
"Greenwood Sentinel","Creature - Elf Scout","G","Green","true","Encounter"
"Moldgraf Millipede","Creature - Insect Horror","G","Green","true","Encounter"
"Delightful Discovery","Instant","U","Blue","true","Of the Coast"
"Gilded Scuttler","Artifact Creature - Crab","U","Blue","true","Of the Coast"
"Waterkin Shaman","Creature - Elemental Shaman","U","Blue","true","Soaring"
"Sandsteppe Outcast","Creature - Human Warrior","W","White","true","Stalwart"
"Shoulder to Shoulder","Sorcery","W","White","true","Stalwart"
"Whirlermaker","Artifact","","Colorless","true","Inventive"
"Gilded Scuttler","Artifact Creature - Crab","U","Blue","true","Inventive"
"Belligerent Guest","Creature - Vampire","R","Red","true","Bloody"
"Falkenrath Celebrants","Creature - Vampire","R","Red","true","Bloody"
"Neonate's Rush","Instant","R","Red","true","Bloody"
"Markov Warlord","Creature - Vampire Warrior","R","Red","true","Bloody"
"Abandon Reason","Instant","R","Red","true","Bloody"
"Blood Hypnotist","Creature - Vampire","R","Red","true","Bloody"
"Voldaren Epicure","Creature - Vampire","R","Red","true","Bloody"
"Blood Feud","Sorcery","R","Red","true","Bloody"
"Stronghold Confessor","Creature - Human Cleric","B","Black","true","Clerics"
"Organ Hoarder","Creature - Zombie","U","Blue","true","Drowned"
"Wind Strider","Creature - Merfolk Wizard","U","Blue","true","Surprise!"
"Emberhorn Minotaur","Creature - Minotaur Warrior","R","Red","true","Zealots"
"Wailing Ghoul","Creature - Zombie","B","Black","true","Grave Robbers"
"Gird for Battle","Sorcery","W","White","true","Stalwart"
"Banishing Light","Enchantment","W","White","true","Stalwart"
"Lightwalker","Creature - Human Warrior","W","White","true","Stalwart"
"Steadfast Unicorn","Creature - Unicorn","W","White","true","Stalwart"
"Roil Eruption","Sorcery","R","Red","true","Stoked"
"Scholar of Combustion","Creature - Human Wizard","R","Red","true","Stoked"
"Resistance Skywarden","Creature - Ogre Rebel","R","Red","true","Stoked"
"Cartouche of Zeal","Enchantment - Aura Cartouche","R","Red","true","Zealots"
"Trial of Zeal","Enchantment","R","Red","true","Zealots"
"Cartouche of Knowledge","Enchantment - Aura Cartouche","U","Blue","true","Bookworms"
"Trial of Knowledge","Enchantment","U","Blue","true","Bookworms"
"Blood Burglar","Creature - Vampire Rogue","B","Black","true","Vampires"
"Skymarch Bloodletter","Creature - Vampire Soldier","B","Black","true","Vampires"
"Bleed Dry","Instant","B","Black","true","Vampires"
"Cloudkin Seer","Creature - Elemental Wizard","U","Blue","true","Soaring"
"Trial of Knowledge","Enchantment","U","Blue","true","Soaring"
"Cartouche of Knowledge","Enchantment - Aura Cartouche","U","Blue","true","Soaring"
"Jungle Delver","Creature - Merfolk Warrior","G","Green","true","Encounter"
"Stony Strength","Instant","G","Green","true","Encounter"
"Reckless Amplimancer","Creature - Elf Druid","G","Green","true","Elves"
"Ivy Lane Denizen","Creature - Elf Warrior","G","Green","true","Elves"
"Kazandu Nectarpot","Creature - Insect","G","Green","true","Landfall"
"Snapping Gnarlid","Creature - Beast","G","Green","true","Landfall"
"Grazing Gladehart","Creature - Antelope","G","Green","true","Landfall"
"Kazandu Stomper","Creature - Beast","G","Green","true","Landfall"
"Bond of Flourishing","Sorcery","G","Green","true","Landfall"
"Skyclave Pick-Axe","Artifact - Equipment","G","Green","true","Landfall"
"Gavony Silversmith","Creature - Human Soldier","W","White","true","Stalwart"
"Paladin of the Bloodstained","Creature - Vampire Knight","W","White","true","Stalwart"
"Expedition Raptor","Creature - Bird","W","White","true","Stalwart"
"Dauntless Unity","Instant","W","White","true","Legion"
"Slimebind","Enchantment - Aura","U","Blue","true","Surprise!"
"Unleash Fury","Instant","R","Red","true","Stoked"
"Eerie Soultender","Creature - Spirit Cleric","B","Black","true","Clerics"
"Moment of Craving","Instant","B","Black","true","Clerics"
"Kujar Seedsculptor","Creature - Elf Druid","G","Green","true","Elves"
"Razorgrass Invoker","Creature - Elf Scout","G","Green","true","Elves"
"Diregraf Scavenger","Creature - Zombie Bear","B","Black","true","Grave Robbers"
"Shardless Outlander","Artifact Creature - Construct Scout","","Colorless","true","Grave Robbers"
"Chosen by Heliod","Enchantment - Aura","W","White","true","Enchanted"
"Divine Favor","Enchantment - Aura","W","White","true","Enchanted"
"Glory Bearers","Enchantment Creature - Human Cleric","W","White","true","Enchanted"
"Archon of Falling Stars","Creature - Archon","W","White","true","Enchanted"
"Serra's Embrace","Enchantment - Aura","W","White","true","Enchanted"
"Dreadful Apathy","Enchantment - Aura","W","White","true","Enchanted"
"Tukatongue Thallid","Creature - Fungus","G","Green","true","Fun Guys"
"Shardless Outlander","Artifact Creature - Construct Scout","","Colorless","true","Inventive"
"Experimental Aviator","Creature - Human Artificer","U","Blue","true","Inventive"
"Angel of Mercy","Creature - Angel","W","White","true","Healers"
"Saurian Symbiote","Creature - Fungus Dinosaur","G","Green","true","Encounter"
"Goremand","Creature - Demon","B","Black","true","Grave Robbers"
"Boneclad Necromancer","Creature - Human Wizard","B","Black","true","Grave Robbers"
"Moment of Heroism","Instant","W","White","true","Healers"
"Mesa Unicorn","Creature - Unicorn","W","White","true","Healers"
"Boneclad Necromancer","Creature - Human Wizard","B","Black","true","Ghastly"
"Defenestrate","Instant","B","Black","true","Ghastly"
"Alchemist's Gift","Instant","B","Black","true","Vampires"
"Destructive Digger","Creature - Goblin","R","Red","true","Goblins"
"Goblin Smuggler","Creature - Goblin Rogue","R","Red","true","Goblins"
"Gearseeker Serpent","Creature - Serpent","U","Blue","true","Inventive"
"Bury in Books","Instant","U","Blue","true","Inventive"
"Blink of an Eye","Instant","U","Blue","true","Inventive"
"Shardless Outlander","Artifact Creature - Construct Scout","","Colorless","true","Explorers"
"Midnight Assassin","Creature - Vampire Assassin","B","Black","true","N'er-do-Wells"
"Baloth Woodcrasher","Creature - Beast","G","Green","true","Landfall"
"Scourge of the Undercity","Creature - Gorgon Vampire","B","Black","true","Vampires"
"Archaeomancer","Creature - Human Wizard","U","Blue","true","Wizards"
"Trueheart Twins","Creature - Jackal Warrior","R","Red","true","Zealots"
"Opportunity","Instant","U","Blue","true","Wizards"
"Lat-Nam Adept","Creature - Human Wizard","U","Blue","true","Bookworms"
"Arbor Armament","Instant","G","Green","true","Elves"
"Tajuru Pathwarden","Creature - Elf Warrior Ally","G","Green","true","Elves"
"Persistent Specimen","Creature - Skeleton","B","Black","true","Grave Robbers"
"Gnawing Zombie","Creature - Zombie","B","Black","true","Ghastly"
"Divine Arrow","Instant","W","White","true","Healers"
"Delightful Discovery","Instant","U","Blue","true","Surprise!"
"Dark Bargain","Instant","B","Black","true","Clerics"
"Agonizing Syphon","Sorcery","B","Black","true","Clerics"
"Hunter's Edge","Sorcery","G","Green","true","Elves"
"Thornweald Archer","Creature - Elf Archer","G","Green","true","Elves"
"Saurian Symbiote","Creature - Fungus Dinosaur","G","Green","true","Fun Guys"
"Ambassador Oak","Creature - Treefolk Warrior","G","Green","true","Explorers"
"Razorgrass Invoker","Creature - Elf Scout","G","Green","true","Explorers"
"Byway Courier","Creature - Human Scout","G","Green","true","Explorers"
"Ixalli's Diviner","Creature - Human Druid","G","Green","true","Explorers"
"Markov Retribution","Sorcery","R","Red","true","Bloody"
"Canopy Baloth","Creature - Beast","G","Green","true","Landfall"
"Soul Read","Instant","U","Blue","true","Surprise!"
"Spellgorger Weird","Creature - Weird","R","Red","true","Copied"
"Sparktongue Dragon","Creature - Dragon","R","Red","true","Dragons"
"Dragon Hatchling","Creature - Dragon","R","Red","true","Dragons"
"Revoke Demise","Sorcery","B","Black","true","Grave Robbers"
"Duskshell Crawler","Creature - Insect","G","Green","true","Encounter"
"Pridemalkin","Creature - Cat","G","Green","true","Encounter"
"Omen of the Sea","Enchantment","U","Blue","true","Bookworms"
"Captivating Unicorn","Creature - Unicorn","W","White","true","Enchanted"
"Invigorating Surge","Instant","G","Green","true","Encounter"
"Deepwood Denizen","Creature - Elf Warrior","G","Green","true","Encounter"
"Blood Beckoning","Sorcery","B","Black","true","Ghastly"
"Aggressive Instinct","Sorcery","G","Green","true","Encounter"
"Cliffhaven Kitesail","Artifact - Equipment","","Colorless","true","Landfall"
"Hinterland Sanctifier","Creature - Rabbit Cleric","W","White","true","Legion"
"Masked Blackguard","Creature - Human Rogue","B","Black","true","N'er-do-Wells"
"Akroan Crusader","Creature - Human Soldier","R","Red","true","Stoked"
"Vicious Conquistador","Creature - Vampire Soldier","B","Black","true","Vampires"
"Minotaur Sureshot","Creature - Minotaur Archer","R","Red","true","Zealots"
"Flame-Blessed Bolt","Instant","R","Red","true","Zealots"
"Sky-Eel School","Creature - Fish","U","Blue","true","Bookworms"
"Skemfar Shadowsage","Creature - Elf Cleric","B","Black","true","Clerics"
"Alchemist's Gift","Instant","B","Black","true","Clerics"
"Priest of Gix","Creature - Phyrexian Human Cleric Minion","B","Black","true","Clerics"
"Ghirapur Guide","Creature - Elf Scout","G","Green","true","Elves"
"Wakedancer","Creature - Human Shaman","B","Black","true","Ghastly"
"Goblin Researcher","Creature - Goblin Wizard","R","Red","true","Goblins"
"Mogg Flunkies","Creature - Goblin","R","Red","true","Goblins"
"Murasa Ranger","Creature - Human Warrior Ranger","G","Green","true","Landfall"
"Basri's Acolyte","Creature - Cat Cleric","W","White","true","Stalwart"
"Majestic Metamorphosis","Instant","U","Blue","true","Soaring"
"Voldaren Ambusher","Creature - Vampire Archer","R","Red","true","Bloody"
"Drag Under","Sorcery","U","Blue","true","Bookworms"
"Elderfang Disciple","Creature - Elf Cleric","B","Black","true","Clerics"
"Koma's Faithful","Creature - Elf Cleric","B","Black","true","Clerics"
"Scion of the Swarm","Creature - Vampire Cleric","B","Black","true","Clerics"
"Drowsing Tyrannodon","Creature - Dinosaur","G","Green","true","Dinosaurs"
"Giant Growth","Instant","G","Green","true","Dinosaurs"
"Draugr Thought-Thief","Creature - Zombie Rogue","U","Blue","true","Drowned"
"Llanowar Visionary","Creature - Elf Druid","G","Green","true","Elves"
"Bounty of Skemfar","Sorcery","G","Green","true","Elves"
"Elvish Visionary","Creature - Elf Shaman","G","Green","true","Elves"
"Paradise Druid","Creature - Elf Druid","G","Green","true","Elves"
"Might of the Masses","Instant","G","Green","true","Elves"
"Golden-Tail Disciple","Enchantment Creature - Fox Monk","W","White","true","Enchanted"
"Spirited Companion","Enchantment Creature - Dog","W","White","true","Enchanted"
"Indomitable Will","Enchantment - Aura","W","White","true","Enchanted"
"Spined Tyrranax","Creature - Dinosaur Beast","G","Green","true","Encounter"
"Armorcraft Judge","Creature - Elf Artificer","G","Green","true","Encounter"
"Ghirapur Guide","Creature - Elf Scout","G","Green","true","Explorers"
"Slimy Piper","Creature - Fungus Bard","G","Green","true","Explorers"
"Ainok Guide","Creature - Dog Scout","G","Green","true","Explorers"
"Ulvenwald Mysteries","Enchantment","G","Green","true","Explorers"
"For the Family","Instant","G","Green","true","Fun Guys"
"Falkenrath Noble","Creature - Vampire Noble","B","Black","true","Ghastly"
"Village Rites","Instant","B","Black","true","Ghastly"
"Shambling Ghast","Creature - Zombie","B","Black","true","Ghastly"
"Goblin Trailblazer","Creature - Goblin Pirate","R","Red","true","Goblins"
"Weaselback Redcap","Creature - Goblin Knight","R","Red","true","Goblins"
"Goblin Arsonist","Creature - Goblin Shaman","R","Red","true","Goblins"
"Beetleback Chief","Creature - Goblin Warrior","R","Red","true","Goblins"
"Fissure Wizard","Creature - Goblin Wizard","R","Red","true","Goblins"
"Kindled Fury","Instant","R","Red","true","Goblins"
"Dusk Mangler","Creature - Horror","B","Black","true","Grave Robbers"
"Gravedigger","Creature - Zombie","B","Black","true","Grave Robbers"
"Moodmark Painter","Creature - Human Shaman","B","Black","true","Grave Robbers"
"Undead Butler","Creature - Zombie","B","Black","true","Grave Robbers"
"Grave Strength","Sorcery","B","Black","true","Grave Robbers"
"Speakeasy Server","Creature - Bird Citizen","W","White","true","Healers"
"Battlefield Promotion","Instant","W","White","true","Healers"
"Banisher Priest","Creature - Human Cleric","W","White","true","Healers"
"Desperate Lunge","Instant","W","White","true","Healers"
"Thoughtcast","Sorcery","U","Blue","true","Inventive"
"Myr Enforcer","Artifact Creature - Myr","","Colorless","true","Inventive"
"Eager Construct","Artifact Creature - Construct","","Colorless","true","Inventive"
"Prophetic Prism","Artifact","","Colorless","true","Inventive"
"Pacifism","Enchantment - Aura","W","White","true","Legion"
"Crooked Custodian","Creature - Ogre Rogue","B","Black","true","N'er-do-Wells"
"Air Elemental","Creature - Elemental","U","Blue","true","Soaring"
"Aerial Guide","Creature - Drake","U","Blue","true","Soaring"
"Thopter Mechanic","Creature - Human Artificer","U","Blue","true","Soaring"
"Windstorm Drake","Creature - Drake","U","Blue","true","Soaring"
"Tide Skimmer","Creature - Drake","U","Blue","true","Soaring"
"Steadfast Sentry","Creature - Human Soldier","W","White","true","Stalwart"
"Squad Captain","Creature - Human Soldier","W","White","true","Stalwart"
"Parhelion Patrol","Creature - Human Knight","W","White","true","Stalwart"
"Sunhome Stalwart","Creature - Human Soldier","W","White","true","Stalwart"
"Relief Captain","Creature - Kor Knight Ally","W","White","true","Stalwart"
"Weaver of Lightning","Creature - Human Shaman","R","Red","true","Stoked"
"Arena Athlete","Creature - Human","R","Red","true","Stoked"
"Infuriate","Instant","R","Red","true","Stoked"
"Vexing Gull","Creature - Bird","U","Blue","true","Surprise!"
"Chrome Prowler","Artifact Creature - Phyrexian Cat","U","Blue","true","Surprise!"
"Stinging Lionfish","Enchantment Creature - Fish","U","Blue","true","Surprise!"
"Capture Sphere","Enchantment - Aura","U","Blue","true","Surprise!"
"Undercity Scrounger","Artifact Creature - Human Rogue","B","Black","true","Treasures"
"Epicure of Blood","Creature - Vampire","B","Black","true","Vampires"
"Moment of Craving","Instant","B","Black","true","Vampires"
"Bloodtithe Collector","Creature - Vampire Noble","B","Black","true","Vampires"
"Vampire of the Dire Moon","Creature - Vampire","B","Black","true","Vampires"
"Academy Journeymage","Creature - Human Wizard","U","Blue","true","Wizards"
"Choking Tethers","Instant","U","Blue","true","Wizards"
"Cloudkin Seer","Creature - Elemental Wizard","U","Blue","true","Wizards"
"Windcaller Aven","Creature - Bird Wizard","U","Blue","true","Wizards"
"Light of Hope","Instant","W","White","true","Angels"
"Spined Tyrranax","Creature - Dinosaur Beast","G","Green","true","Beasts"
"Universal Solvent","Artifact","","Colorless","true","Inventive"
"Bloodfire Expert","Creature - Efreet Monk","R","Red","true","Burning"
"Insatiable Appetite","Instant","G","Green","true","Dinner"
"Expendable Lackey","Creature - Human Citizen","U","Blue","true","Drowned"
"Might of the Masses","Instant","G","Green","true","Fun Guys"
"Steadfast Unicorn","Creature - Unicorn","W","White","true","Giddyap"
"Ronom Unicorn","Creature - Unicorn","W","White","true","Giddyap"
"Durable Coilbug","Creature - Insect","B","Black","true","Icky"
"Argivian Phalanx","Creature - Human Kor Soldier","W","White","true","Legion"
"Reckless Amplimancer","Creature - Elf Druid","G","Green","true","Modified"
"Wolfrider's Saddle","Artifact - Equipment","G","Green","true","Modified"
"Bloodtithe Collector","Creature - Vampire Noble","B","Black","true","N'er-do-Wells"
"Arrogant Outlaw","Creature - Vampire Noble","B","Black","true","Nefarious"
"Moonsnare Specialist","Creature - Human Ninja","U","Blue","true","Ninjas"
"Tidepool Turtle","Creature - Turtle","U","Blue","true","Of the Coast"
"Ukud Cobra","Creature - Snake","B","Black","true","Snakes"
"Crimson Wisps","Instant","R","Red","true","Stoked"
"Pigment Storm","Sorcery","R","Red","true","Too Many"
"Mogg Flunkies","Creature - Goblin","R","Red","true","Too Many"
"Fake Your Own Death","Instant","B","Black","true","Treasures"
"Expedition Champion","Creature - Human Warrior","R","Red","true","Warriors"
"Chilling Trap","Instant","U","Blue","true","Wizards"
"Expedition Skulker","Creature - Vampire Rogue","B","Black","true","N'er-do-Wells"
"Impeccable Timing","Instant","W","White","true","Prideful"
"Leonin of the Lost Pride","Creature - Cat Warrior","W","White","true","Prideful"
"Elf Warrior","Token Creature - Elf Warrior","G","Green","true","Token;Elves"
"Zombie","Token Creature - Zombie","B","Black","true","Token;Ghastly"
"Zombie","Token Creature - Zombie","B","Black","true","Token;Ghastly"
"Zombie","Token Creature - Zombie","B","Black","true","Token;Ghastly"
"Zombie","Token Creature - Zombie","B","Black","true","Token;Ghastly"
