name,CMC,Type,Color,Set,Collector Number,Rarity,Color Category,status,Finish,maybeboard,image URL,image Back URL,tags,Notes,MTGO ID
"Anointed Chorister",1,"Creature - Human Cleric",W,"m21","4",common,White,Owned,Non-foil,false,,,"W - Angels","",81235
"Beloved Princess",1,"Creature - Human Noble",W,"eld","7",common,White,Owned,,false,,,"WR - Snow White","",78102
"Faerie Guidemother",1,"Creature - Faerie",W,"eld","11",common,White,Owned,Non-foil,false,,,"W - Adventures","",78110
"Giant Killer",1,"Creature - Human Peasant",W,"eld","14",rare,White,Owned,Non-foil,false,,,"W - Adventures","",78118
"Healer's Hawk",1,"Creature - Bird",W,"grn","14",common,White,Owned,Non-foil,false,,,"W - Birds","",69401
"Novice Inspector",1,"Creature - Human Detective",W,"mkm","29",common,White,Owned,,false,,,"WUG - Scooby Doo","",121546
"Sacred Cat",1,"Creature - Cat",W,"akh","27",common,White,Owned,Non-foil,false,,,"W - Cats","",63656
"Savannah Lions",1,"Creature - Cat",W,"a25","33",common,White,Owned,Non-foil,false,,,"W - Cats","",66980
"Speaker of the Heavens",1,"Creature - Human Cleric",W,"m21","38",rare,White,Owned,Non-foil,false,,,"W - Angels","",81303
"Thraben Inspector",1,"Creature - Human Soldier",W,"2xm","35",common,White,Owned,Non-foil,false,,,"W - Blinking","",82104
"Angelic Page",2,"Creature - Angel Spirit",W,"jmp","88",common,White,Owned,Non-foil,false,,,"W - Angels","",
"Beacon Hawk",2,"Creature - Bird",W,"dis","3",common,White,Owned,Non-foil,false,,,"W - Birds","",24331
"Charming Prince",2,"Creature - Human Noble",W,"eld","8",rare,White,Owned,Non-foil,false,,,"W - Blinking","",78104
"Charming Prince",2,"Creature - Human Noble",W,"eld","8",rare,White,Owned,,false,,,"WR - Snow White","",78104
"Gold Myr",2,"Artifact Creature - Myr",W,"mrd","180",common,White,Owned,Non-foil,false,,,"W - Myr","",19983
"Kor Skyfisher",2,"Creature - Kor Soldier",W,"ddo","16",common,White,Owned,Non-foil,false,,,"W - Blinking","",
"Leonin Relic-Warder",2,"Creature - Cat Cleric",W,"mbs","10",uncommon,White,Owned,Non-foil,false,,,"W - Cats","",39591
"Myrsmith",2,"Creature - Human Artificer",W,"som","16",uncommon,White,Owned,Non-foil,false,,,"W - Myr","",38303
"Ninth Bridge Patrol",2,"Creature - Dwarf Soldier",W,"kld","22",common,White,Owned,,false,,,"WR - Snow White","",61601
"Shepherd of the Flock",2,"Creature - Human Peasant",W,"eld","28",uncommon,White,Owned,Non-foil,false,,,"W - Adventures","",78152
"Silverflame Squire",2,"Creature - Human Soldier",W,"eld","31",common,White,Owned,Non-foil,false,,,"W - Adventures","",78160
"Soulcatcher",2,"Creature - Bird Soldier",W,"ody","47",uncommon,White,Owned,Non-foil,false,,,"W - Birds","",17031
"Story Seeker",2,"Creature - Dwarf Cleric",W,"khm","34",common,White,Owned,,false,,,"WR - Snow White","",87391
"Whitemane Lion",2,"Creature - Cat",W,"a25","39",common,White,Owned,Non-foil,false,,,"W - Cats","",66992
"Ardenvale Tactician",3,"Creature - Human Knight",W,"eld","5",common,White,Owned,Non-foil,false,,,"W - Adventures","",78096
"Blade Splicer",3,"Creature - Human Artificer",W,"2xm","9",rare,White,Owned,Non-foil,false,,,"W - Blinking","",82052
"Celestial Enforcer",3,"Creature - Human Cleric",W,"m21","11",common,White,Owned,Non-foil,false,,,"W - Angels","",81249
"Emancipation Angel",3,"Creature - Angel",W,"jmp","102",uncommon,White,Owned,Non-foil,false,,,"W - Angels","",
"Fairgrounds Warden",3,"Creature - Dwarf Soldier",W,"kld","13",uncommon,White,Owned,Non-foil,false,,,"W - Blinking","",61621
"Flickerwisp",3,"Creature - Elemental",W,"eve","6",uncommon,White,Owned,Non-foil,false,,,"W - Blinking","",29970
"King of the Pride",3,"Creature - Cat",W,"mh1","16",uncommon,White,Owned,Non-foil,false,,,"W - Cats","",72404
"Mentor of the Meek",3,"Creature - Human Soldier",W,"jmp","121",rare,White,Owned,Non-foil,false,,,"W - Adventures","",
"Mysterious Pathlighter",3,"Creature - Faerie",W,"eld","22",uncommon,White,Owned,Non-foil,false,,,"W - Adventures","",78138
"Priest of Ancient Lore",3,"Creature - Dwarf Cleric",W,"afr","35",common,White,Owned,,false,,,"WR - Snow White","",91572
"Rally for the Throne",3,"Creature",W,"eld","25",uncommon,White,Owned,Non-foil,false,,,"W - Adventures","",78144
"Stormwild Capridor",3,"Creature - Bird Goat",W,"iko","34",uncommon,White,Owned,Non-foil,false,,,"W - Birds","",80077
"Basri's Acolyte",4,"Creature - Cat Cleric",W,"m21","8",common,White,Owned,Non-foil,false,,,"W - Cats","",81243
"High Sentinels of Arashin",4,"Creature - Bird Soldier",W,"jmp","108",rare,White,Owned,Non-foil,false,,,"W - Birds","",
"Baneslayer Angel",5,"Creature - Angel",W,"m21","6",mythic,White,Owned,Non-foil,false,,,"W - Angels","",81239
"Celestial Gatekeeper",5,"Creature - Bird Cleric",W,"lgn","6",rare,White,Owned,Non-foil,false,,,"W - Birds","",18535
"Lonesome Unicorn",5,"Creature - Unicorn",W,"eld","21",common,White,Owned,Non-foil,false,,,"W - Adventures","",78134
"Master Skald",5,"Creature - Dwarf Warrior",W,"khm","19",common,White,Owned,,false,,,"WR - Snow White","",87359
"Regal Caracal",5,"Creature - Cat",W,"akh","24",rare,White,Owned,Non-foil,false,,,"W - Cats","",63650
"Sensor Splicer",5,"Creature - Artificer",W,"mm3","23",common,White,Owned,Non-foil,false,,,"W - Blinking","",63257
"Serra Angel",5,"Creature - Angel",W,"jmp","132",uncommon,White,Owned,Non-foil,false,,,"W - Angels","",
"Steel-Plume Marshal",5,"Creature - Bird Soldier",W,"jmp","5",rare,White,Owned,Non-foil,false,,,"W - Birds","",81757
"Aven Brigadier",6,"Creature - Bird Soldier",W,"ons","7",rare,White,Owned,Non-foil,false,,,"W - Birds","",17743
"Nacatl Hunt-Pride",6,"Creature - Cat Warrior",W,"con","13",uncommon,Multicolored,Owned,Non-foil,false,,,"W - Cats","",31911
"Dispatch",1,"Instant",W,"c21","88",uncommon,White,Owned,Non-foil,false,,,"W - Myr","",89277
"Ephemerate",1,"Instant",W,"mh1","7",common,White,Owned,Non-foil,false,,,"W - Blinking","",72386
"Fight as One",1,"Instant",W,"iko","12",uncommon,White,Owned,Non-foil,false,,,"W - Cats","",80033
"Outflank",1,"Instant",W,"eld","23",common,White,Owned,Non-foil,false,,,"W - Adventures","",78140
"Angelic Ascension",2,"Instant",W,"m21","3",uncommon,White,Owned,Non-foil,false,,,"W - Angels","",81233
"Feat of Resistance",2,"Instant",W,"m21","19",common,White,Owned,Non-foil,false,,,"W - Angels","",81265
"Rally of Wings",2,"Instant",W,"war","27",uncommon,White,Owned,Non-foil,false,,,"W - Birds","",71660
"Blinding Beam",3,"Instant",W,"mrd","7",common,White,Owned,Non-foil,false,,,"W - Cats","",19773
"Dauntless Onslaught",3,"Instant",W,"ddo","6",uncommon,White,Owned,Non-foil,false,,,"W - Cats","",
"Dispense Justice",3,"Instant",W,"som","5",uncommon,White,Owned,Non-foil,false,,,"W - Myr","",38243
"Master's Call",3,"Instant",W,"mbs","13",common,White,Owned,Non-foil,false,,,"W - Myr","",39571
"White Sun's Zenith",3,"Instant",W,"mbs","19",rare,White,Owned,Non-foil,false,,,"W - Cats","",39573
"Aerial Assault",3,"Sorcery",W,"jmp","80",common,White,Owned,Non-foil,false,,,"W - Birds","",
"Angelic Edict",5,"Sorcery",W,"jmp","87",common,White,Owned,Non-foil,false,,,"W - Angels","",
"Settle Beyond Reality",5,"Sorcery",W,"mh1","27",common,White,Owned,Non-foil,false,,,"W - Blinking","",72426
"Origin Spellbomb",1,"Artifact",W,"som","189",common,White,Owned,Non-foil,false,,,"W - Myr","",38329
"Glass Casket",2,"Artifact",W,"eld","15",uncommon,White,Owned,Non-foil,false,,,"W - Adventures","",78122
"Glass Casket",2,"Artifact",W,"eld","15",uncommon,White,Owned,,false,,,"WR - Snow White","",78122
"Sky Tether",1,"Enchantment - Aura",W,"rna","21",uncommon,White,Owned,Non-foil,false,,,"W - Birds","",71042
"Case of the Pilfered Proof",2,"Enchantment - Case",W,"mkm","9",uncommon,White,Owned,,false,,,"WUG - Scooby Doo","",121506
"Soulcatchers' Aerie",2,"Enchantment",W,"jud","25",uncommon,White,Owned,Non-foil,false,,,"W - Birds","",17416
"Arrest",3,"Enchantment - Aura",W,"som","2",common,White,Owned,Non-foil,false,,,"W - Myr","",38233
"Enclave Cryptologist",1,"Creature - Merfolk Wizard",U,"roe","66",uncommon,Blue,Owned,Non-foil,false,,,"U - Leveling","",36660
"Faerie Seer",1,"Creature - Faerie Wizard",U,"mh1","51",common,Blue,Owned,Non-foil,false,,,"U - Ninjas","",72474
"Floodhound",1,"Creature - Elemental Dog",U,"mh2","42",common,Blue,Owned,,false,,,"WUG - Scooby Doo","",90453
"Network Disruptor",1,"Artifact Creature - Moonfolk Rogue",U,"neo","71",common,Blue,Owned,,false,,,"U - Computerized","",97062
"Skywatcher Adept",1,"Creature - Merfolk Wizard",U,"roe","88",common,Blue,Owned,Non-foil,false,,,"U - Leveling","",36576
"Champion's Drake",2,"Creature - Drake",U,"roe","56",common,Blue,Owned,Non-foil,false,,,"U - Leveling","",36378
"Hada Spy Patrol",2,"Creature - Human Rogue",U,"roe","71",uncommon,Blue,Owned,Non-foil,false,,,"U - Leveling","",36690
"Lighthouse Chronologist",2,"Creature - Human Wizard",U,"roe","75",mythic,Blue,Owned,Non-foil,false,,,"U - Leveling","",36574
"Moon-Circuit Hacker",2,"Enchantment Creature - Human Ninja",U,"neo","67",common,Blue,Owned,,false,,,"U - Computerized","",97054
"Saiba Cryptomancer",2,"Creature - Moonfolk Ninja",U,"mom","76",common,Blue,Owned,,false,,,"U - Computerized","",109980
"Tetsuko Umezawa, Fugitive",2,"Legendary Creature - Human Rogue",U,"dom","69",uncommon,Blue,Owned,Non-foil,false,,,"U - Ninjas","",67603
"Acquisition Octopus",3,"Artifact Creature - Equipment Octopus",U,"neo","44",uncommon,Blue,Owned,,false,,,"UR - High-Tech","",97002
"Covert Technician",3,"Artifact Creature - Human Ninja",U,"neo","49",uncommon,Blue,Owned,,false,,,"U - Computerized","",97014
"Detective of the Month",3,"Creature - Human Detective",U,"mkc","21",rare,Blue,Owned,,false,,,"WUG - Scooby Doo","",122796
"Echo Mage",3,"Creature - Human Wizard",U,"c13","43",rare,Blue,Owned,Non-foil,false,,,"U - Leveling","",51072
"Mist-Syndicate Naga",3,"Creature - Naga Ninja",U,"mh1","58",rare,Blue,Owned,Non-foil,false,,,"U - Ninjas","",72488
"Mistblade Shinobi",3,"Creature - Human Ninja",U,"pc2","20",common,Blue,Owned,Non-foil,false,,,"U - Ninjas","",45126
"Moonfolk Puzzlemaker",3,"Artifact Creature - Moonfolk Wizard",U,"neo","68",common,Blue,Owned,Non-foil,false,,,"UR - High-Tech","",97056
"Phantom Ninja",3,"Creature - Illusion Ninja",U,"mh1","62",common,Blue,Owned,Non-foil,false,,,"U - Ninjas","",72496
"Venerated Teacher",3,"Creature - Human Wizard",U,"roe","93",common,Blue,Owned,Non-foil,false,,,"U - Leveling","",36384
"Walker of Secret Ways",3,"Creature - Human Ninja",U,"bok","60",uncommon,Blue,Owned,Non-foil,false,,,"U - Ninjas","",21641
"Moonblade Shinobi",4,"Creature - Human Ninja",U,"mh1","59",common,Blue,Owned,Foil,false,,,"U - Ninjas","",72490
"Ninja of the Deep Hours",4,"Creature - Human Ninja",U,"c15","99",common,Blue,Owned,Non-foil,false,,,"U - Ninjas","",
"Replication Specialist",5,"Creature - Moonfolk Artificer",U,"neo","76",uncommon,Blue,Owned,Non-foil,false,,,"UR - High-Tech","",97072
"Kiora's Dambreaker",6,"Creature - Leviathan",U,"war","58",common,Blue,Owned,Non-foil,false,,,"U - Leveling","",71722
"Torrential Gearhulk",6,"Artifact Creature - Construct",U,"cmm","128",rare,Blue,Owned,,false,,,"U - Computerized","",115355
"Behind the Mask",1,"Instant",U,"mkm","39",common,Blue,Owned,,false,,,"WUG - Scooby Doo","",121564
"Blink of an Eye",2,"Instant",U,"dom","46",common,Blue,Owned,Non-foil,false,,,"U - Ninjas","",67557
"Change the Equation",2,"Instant",U,"mom","50",uncommon,Blue,Owned,,false,,,"UR - Bisexual","",109914
"Delay",2,"Instant",U,"plst","FUT-35",uncommon,Blue,Owned,,false,,,"U - Computerized","",
"Ephara's Dispersal",3,"Instant",U,"mom","55",common,Blue,Owned,,false,,,"UR - Bisexual","",109924
"Thirst for Knowledge",3,"Instant",U,"mrd","53",uncommon,Blue,Owned,Non-foil,false,,,"UR - High-Tech","",19705
"Fuel for the Cause",4,"Instant",U,"mbs","25",common,Blue,Owned,Non-foil,false,,,"U - Leveling","",39337
"Wicked Slumber",4,"Instant",U,"mom","84",uncommon,Blue,Owned,,false,,,"UR - Bisexual","",109998
"Commit // Memory",10,"Instant",U,"akh","211",rare,Blue,Owned,,false,,,"U - Computerized","",64032
"Distortion Strike",1,"Sorcery",U,"roe","60",common,Blue,Owned,Non-foil,false,,,"U - Ninjas","",36732
"Contentious Plan",2,"Sorcery",U,"war","46",common,Blue,Owned,Non-foil,false,,,"U - Leveling","",71698
"Open into Wonder",2,"Sorcery",U,"akh","64",uncommon,Blue,Owned,,false,,,"UR - Bisexual","",63730
"Of One Mind",3,"Sorcery",U,"iko","60",common,Blue,Owned,Non-foil,false,,,"U - Ninjas","",80129
"Tezzeret's Gambit",4,"Sorcery",U,"mm2","63",uncommon,Blue,Owned,Non-foil,false,,,"U - Leveling","",57326
"Reverse Engineer",5,"Sorcery",U,"aer","42",uncommon,Blue,Owned,,false,,,"U - Computerized","",62647
"Split the Party",5,"Sorcery",U,"afr","76",uncommon,Blue,Owned,,false,,,"WUG - Scooby Doo","",91654
"Short Circuit",2,"Enchantment - Aura",U,"neo","78",common,Blue,Owned,,false,,,"U - Computerized","",97076
"Dramatic Accusation",3,"Enchantment - Aura",U,"mkm","53",common,Blue,Owned,,false,,,"WUG - Scooby Doo","",121592
"Reconnaissance Mission",4,"Enchantment",U,"iko","65",uncommon,Blue,Owned,Non-foil,false,,,"U - Ninjas","",80139
"Cauldron Familiar",1,"Creature - Cat",B,"jmp","216",common,Black,Owned,Non-foil,false,,,"B - Witchcraft","",
"Diregraf Ghoul",1,"Creature - Zombie",B,"isd","97",uncommon,Black,Owned,Non-foil,false,,,"B - Ghost","",42432
"Festering Newt",1,"Creature - Salamander",B,"ima","90",common,Black,Owned,Non-foil,false,,,"B - Witchcraft","",66059
"Festering Newt",1,"Creature - Salamander",B,"ima","90",common,Black,Owned,Non-foil,false,,,"B - Witchcraft","",66059
"Gutterbones",1,"Creature - Skeleton Warrior",B,"rna","76",rare,Black,Owned,Non-foil,false,,,"B - Skeletons","",71152
"Ruthless Sniper",1,"Creature - Human Archer",B,"akh","105",uncommon,Black,Owned,Non-foil,false,,,"B - Cycling","",63812
"Sanitarium Skeleton",1,"Creature - Skeleton",B,"soi","133",common,Black,Owned,Non-foil,false,,,"B - Skeletons","",60318
"Typhoid Rats",1,"Creature - Rat",B,"frf","89",common,Black,Owned,Non-foil,false,,,"B - Ghost","",55598
"Black Cat",2,"Creature - Zombie Cat",B,"dka","54",common,Black,Owned,Non-foil,false,,,"B - Witchcraft","",43157
"Discordant Piper",2,"Creature - Zombie Satyr",B,"thb","88",common,Black,Owned,Non-foil,false,,,"B - Ghost","",79300
"Miasmic Mummy",2,"Creature - Zombie Jackal",B,"akh","100",common,Black,Owned,Non-foil,false,,,"B - Ghost","",63802
"Reassembling Skeleton",2,"Creature - Skeleton Warrior",B,"ddj","50",uncommon,Black,Owned,Non-foil,false,,,"B - Skeletons","",46071
"Vile Manifestation",2,"Creature - Horror",B,"hou","80",uncommon,Black,Owned,Non-foil,false,,,"B - Cycling","",64644
"Cinderbones",3,"Creature - Elemental Skeleton",B,"shm","59",common,Black,Owned,Non-foil,false,,,"B - Skeletons","",29395
"Death Baron",3,"Creature - Zombie Wizard",B,"m19","90",rare,Black,Owned,Non-foil,false,,,"B - Skeletons","",68341
"Ghoulraiser",3,"Creature - Zombie",B,"isd","102",common,Black,Owned,Non-foil,false,,,"B - Ghost","",42266
"Malakir Familiar",3,"Creature - Bat",B,"bfz","116",uncommon,Black,Owned,Non-foil,false,,,"B - Witchcraft","",58541
"Tempting Witch",3,"Creature - Human Warlock",B,"jmp","283",uncommon,Black,Owned,Non-foil,false,,,"B - Witchcraft","",
"Undead Gladiator",3,"Creature - Zombie Barbarian",B,"a25","112",uncommon,Black,Owned,Non-foil,false,,,"B - Cycling","",67138
"Wasteland Scorpion",3,"Creature - Scorpion",B,"akh","116",common,Black,Owned,Non-foil,false,,,"B - Cycling","",63834
"Bloodhunter Bat",4,"Creature - Bat",B,"a25","80",common,Black,Owned,Non-foil,false,,,"B - Witchcraft","",67074
"Bogbrew Witch",4,"Creature - Human Wizard",B,"ima","83",uncommon,Black,Owned,Non-foil,false,,,"B - Witchcraft","",66045
"Bone Picker",4,"Creature - Bird",B,"akh","81",uncommon,Black,Owned,Non-foil,false,,,"B - Skeletons","",63764
"Carrion Grub",4,"Creature - Insect",B,"m21","92",uncommon,Black,Owned,,false,,,"BG - Crawling","",81411
"Desecration Demon",4,"Creature - Demon",B,"rtr","63",rare,Black,Owned,Non-foil,false,,,"B - Ghost","",46739
"Dimir House Guard",4,"Creature - Skeleton",B,"rav","83",common,Black,Owned,Non-foil,false,,,"B - Skeletons","",23186
"Archfiend of Ifnir",5,"Creature - Demon",B,"akh","78",rare,Black,Owned,Non-foil,false,,,"B - Cycling","",63758
"Bone Dragon",5,"Creature - Dragon Skeleton",B,"m19","88",mythic,Black,Owned,Non-foil,false,,,"B - Skeletons","",68337
"Horror of the Broken Lands",5,"Creature - Horror",B,"akh","95",common,Black,Owned,Non-foil,false,,,"B - Cycling","",63792
"Mass of Ghouls",5,"Creature - Zombie Warrior",B,"fut","88",common,Black,Owned,Non-foil,false,,,"B - Ghost","",26622
"Skeletal Kathari",5,"Creature - Bird Skeleton",B,"ala","88",common,Black,Owned,Non-foil,false,,,"B - Skeletons","",30981
"Twisted Abomination",6,"Creature - Zombie Mutant",B,"cns","129",common,Black,Owned,Non-foil,false,,,"B - Cycling","",
"Easy Prey",2,"Instant",B,"iko","87",uncommon,Black,Owned,Non-foil,false,,,"B - Cycling","",80183
"Vanquish the Weak",3,"Instant",B,"xln","127",common,Black,Owned,Non-foil,false,,,"B - Skeletons","",65270
"Bake into a Pie",4,"Instant",B,"jmp","201",common,Black,Owned,Non-foil,false,,,"B - Witchcraft","",
"Foul Renewal",4,"Instant",B,"dtk","101",rare,Black,Owned,,false,,,"BG - Crawling","",55956
"Bone Splinters",1,"Sorcery",B,"bfz","105",common,Black,Owned,Non-foil,false,,,"B - Skeletons","",58707
"Macabre Waltz",2,"Sorcery",B,"soi","121",common,Black,Owned,Non-foil,false,,,"B - Ghost","",60164
"Read the Bones",3,"Sorcery",B,"ddp","56",common,Black,Owned,Non-foil,false,,,"B - Skeletons","",
"Wander in Death",3,"Sorcery",B,"akh","115",common,Black,Owned,Non-foil,false,,,"B - Cycling","",63832
"Rising Miasma",4,"Sorcery",B,"bfz","122",uncommon,Black,Owned,Non-foil,false,,,"B - Ghost","",58397
"Cauldron's Gift",5,"Sorcery",B,"eld","83",uncommon,Black,Owned,Non-foil,false,,,"B - Witchcraft","",78278
"Razaketh's Rite",5,"Sorcery",B,"hou","74",uncommon,Black,Owned,Non-foil,false,,,"B - Cycling","",64632
"Consign to the Pit",6,"Sorcery",B,"rna","69",common,Black,Owned,Non-foil,false,,,"B - Ghost","",71138
"Stir the Sands",6,"Sorcery",B,"akh","110",uncommon,Black,Owned,Non-foil,false,,,"B - Cycling","",63822
"Faith of the Devoted",3,"Enchantment",B,"akh","90",uncommon,Black,Owned,Non-foil,false,,,"B - Cycling","",63782
"Fireblade Charger",1,"Creature - Goblin Warrior",R,"znr","139",uncommon,Red,Owned,,false,,,"R - Flaming","",83251
"Inventor's Apprentice",1,"Creature - Human Artificer",R,"kld","120",uncommon,Red,Owned,Non-foil,false,,,"R - Vehicles","",61995
"Monastery Swiftspear",1,"Creature - Human Monk",R,"ima","140",uncommon,Red,Owned,Non-foil,false,,,"R - Spellslinger","",66159
"Rabbit Battery",1,"Artifact Creature - Equipment Rabbit",R,"neo","157",uncommon,Red,Owned,,false,,,"R - Flaming","",97246
"Reinforced Ronin",1,"Artifact Creature - Human Samurai",R,"neo","158",uncommon,Red,Owned,,false,,,"UR - High-Tech","",97248
"Slumbering Dragon",1,"Creature - Dragon",R,"m13","148",rare,Red,Owned,Non-foil,false,,,"R - Dragons","",45668
"Akki Ronin",2,"Creature - Goblin Samurai",R,"neo","131",common,Red,Owned,,false,,,"R - Flaming","",97190
"Ash Zealot",2,"Creature - Human Warrior",R,"rtr","86",rare,Red,Owned,,false,,,"R - Flaming","",46745
"Champion of the Flame",2,"Creature - Human Warrior",R,"dom","116",uncommon,Red,Owned,,false,,,"R - Flaming","",67697
"Dragon Hatchling",2,"Creature - Dragon",R,"bbd","173",common,Red,Owned,Non-foil,false,,,"R - Dragons","",
"Dragonlord's Servant",2,"Creature - Goblin Shaman",R,"dtk","138",uncommon,Red,Owned,Non-foil,false,,,"R - Dragons","",55906
"Dwarven Forge-Chanter",2,"Creature - Dwarf Wizard",R,"bro","131",common,Red,Owned,,false,,,"WR - Snow White","",104880
"Electrostatic Field",2,"Creature - Wall",R,"grn","97",uncommon,Red,Owned,,false,,,"UR - Bisexual","",69567
"Kiln Fiend",2,"Creature - Elemental Beast",R,"roe","153",common,Red,Owned,Non-foil,false,,,"R - Spellslinger","",36668
"Rimrock Knight",2,"Creature - Dwarf Knight",R,"eld","294",common,Red,Owned,,false,,,"WR - Snow White","",
"Skewer Slinger",2,"Creature - Dwarf Knight",R,"woe","149",common,Red,Owned,,false,,,"WR - Snow White","",116626
"Speedway Fanatic",2,"Creature - Human Pilot",R,"kld","132",uncommon,Red,Owned,Non-foil,false,,,"R - Vehicles","",61977
"Thermo-Alchemist",2,"Creature - Human Shaman",R,"jmp","365",common,Red,Owned,Non-foil,false,,,"R - Spellslinger","",
"Towashi Songshaper",2,"Artifact Creature - Human Artificer",R,"neo","167",common,Red,Owned,Non-foil,false,,,"UR - High-Tech","",97268
"Dragon Egg",3,"Creature - Dragon Egg",R,"ema","126",common,Red,Owned,Non-foil,false,,,"R - Dragons","",60797
"Dualcaster Mage",3,"Creature - Human Wizard",R,"c14","34",rare,Red,Owned,Non-foil,false,,,"R - Spellslinger","",55101
"Guttersnipe",3,"Creature - Goblin Shaman",R,"cn2","162",uncommon,Red,Owned,Non-foil,false,,,"R - Spellslinger","",
"Peerless Samurai",3,"Creature - Human Samurai",R,"neo","156",common,Red,Owned,,false,,,"R - Flaming","",97244
"Pia Nalaar",3,"Legendary Creature - Human Artificer",R,"kld","124",rare,Red,Owned,Non-foil,false,,,"R - Vehicles","",61719
"Reckless Racer",3,"Creature - Human Pilot",R,"aer","95",uncommon,Red,Owned,Non-foil,false,,,"R - Vehicles","",62733
"Spellgorger Weird",3,"Creature - Weird",R,"war","145",common,Red,Owned,Non-foil,false,,,"R - Spellslinger","",71896
"Furnace Whelp",4,"Creature - Dragon",R,"ima","129",common,Red,Owned,Non-foil,false,,,"R - Dragons","",66137
"Heiko Yamazaki, the General",4,"Legendary Creature - Human Samurai",R,"neo","146",uncommon,Red,Owned,,false,,,"R - Flaming","",97222
"Rapacious Dragon",5,"Creature - Dragon",R,"m20","153",uncommon,Red,Owned,Non-foil,false,,,"R - Dragons","",73205
"Scourge of Valkas",5,"Creature - Dragon",R,"ima","145",rare,Red,Owned,Non-foil,false,,,"R - Dragons","",66169
"Charmbreaker Devils",6,"Creature - Devil",R,"j25","132",rare,Red,Owned,,false,,,"UR - Bisexual","",
"Lathliss, Dragon Queen",6,"Legendary Creature - Dragon",R,"m19","149",rare,Red,Owned,Non-foil,false,,,"R - Dragons","",68459
"Bosh, Iron Golem",8,"Legendary Artifact Creature - Golem",,"c18","198",rare,Red,Owned,,false,,,"C - Urza's","",
"Chandra, Acolyte of Flame",3,"Legendary Planeswalker - Chandra",R,"m20","126",rare,Red,Owned,,false,,,"UR - Bisexual","",73151
"Voltage Surge",1,"Instant",R,"neo","171",common,Red,Owned,,false,,,"UR - High-Tech","",97276
"Abrade",2,"Instant",R,"hou","83",uncommon,Red,Owned,Non-foil,false,,,"UR - High-Tech","",64650
"Commune with Lava",2,"Instant",R,"dtk","131",rare,Red,Owned,Non-foil,false,,,"R - Spellslinger","",56392
"Draconic Roar",2,"Instant",R,"ima","123",common,Red,Owned,Non-foil,false,,,"R - Dragons","",66125
"Jaya's Greeting",2,"Instant",R,"war","136",common,Red,Owned,Non-foil,false,,,"R - Spellslinger","",71878
"Searing Spear",2,"Instant",R,"m13","147",common,Red,Owned,,false,,,"R - Flaming","",45526
"Sure Strike",2,"Instant",R,"grn","118",common,Red,Owned,,false,,,"UR - Bisexual","",69609
"Ambitious Assault",3,"Instant",R,"neo","133",common,Red,Owned,,false,,,"R - Flaming","",97194
"Savage Alliance",3,"Instant",R,"emn","140",uncommon,Red,Owned,Non-foil,false,,,"R - Spellslinger","",61426
"Staggershock",3,"Instant",R,"ima","147",uncommon,Red,Owned,Non-foil,false,,,"R - Spellslinger","",66173
"Uncaged Fury",3,"Instant",R,"a25","155",common,Red,Owned,Non-foil,false,,,"R - Spellslinger","",67224
"Arc Trail",2,"Sorcery",R,"ddn","23",uncommon,Red,Owned,,false,,,"UR - Bisexual","",
"Dragon Fodder",2,"Sorcery",R,"ddg","65",common,Red,Owned,Non-foil,false,,,"R - Dragons","",40154
"Roast",2,"Sorcery",R,"dtk","151",uncommon,Red,Owned,Non-foil,false,,,"R - Dragons","",56320
"Tormenting Voice",2,"Sorcery",R,"ktk","123",common,Red,Owned,Non-foil,false,,,"R - Dragons","",54022
"Start Your Engines",4,"Sorcery",R,"kld","135",uncommon,Red,Owned,Non-foil,false,,,"R - Vehicles","",61981
"Surreal Memoir",4,"Sorcery",R,"ima","148",uncommon,Red,Owned,Non-foil,false,,,"R - Spellslinger","",66175
"Chainsaw",2,"Artifact - Equipment",R,"dsk","128",rare,Red,Owned,,false,,,"R - Flaming","",130387
"Fiendlash",2,"Artifact - Equipment",R,"cmm","221",uncommon,Red,Owned,,false,,,"R - Flaming","",114669
"Cursed Mirror",3,"Artifact",R,"plst","C21-50",rare,Red,Owned,,false,,,"WR - Snow White","",
"Siege Modification",3,"Enchantment - Aura",R,"aer","99",uncommon,Red,Owned,Non-foil,false,,,"R - Vehicles","",62741
"Chainweb Aracnir",1,"Creature - Spider",G,"thb","167",uncommon,Green,Owned,,false,,,"BG - Crawling","",79458
"Flaxen Intruder",1,"Creature - Human Berserker",G,"eld","155",uncommon,Green,Owned,Non-foil,false,,,"G - Bears","",78444
"Glimmer Bairn",1,"Creature - Ouphe",G,"mh2","163",common,Green,Owned,,false,,,"G - Cute","",90703
"Hungering Hydra",1,"Creature - Hydra",G,"m19","189",rare,Green,Owned,Non-foil,false,,,"G - Scaled","",68539
"Ivy Elemental",1,"Creature - Elemental",G,"ima","170",common,Green,Owned,Non-foil,false,,,"G - Scaled","",66219
"Jaddi Offshoot",1,"Creature - Plant",G,"ima","171",common,Green,Owned,Non-foil,false,,,"G - Walls","",66221
"Oviya Pashiri, Sage Lifecrafter",1,"Legendary Creature - Human Artificer",G,"kld","165",rare,Green,Owned,,false,,,"G - Cute","",62021
"Slime Molding",1,"Creature",G,"mm3","137",common,Green,Owned,Non-foil,false,,,"G - Scaled","",63399
"Teething Wurmlet",1,"Creature - Wurm",G,"bro","192",rare,Green,Owned,,false,,,"G - Cute","",105002
"Ayula, Queen Among Bears",2,"Legendary Creature - Bear",G,"mh1","155",rare,Green,Owned,Non-foil,false,,,"G - Bears","",72682
"Drover of the Mighty",2,"Creature - Human Druid",G,"xln","187",uncommon,Green,Owned,Non-foil,false,,,"G - Dinosaurs","",65392
"Fa'adiyah Seer",2,"Creature - Human Shaman",G,"dmr","160",common,Green,Owned,,false,,,"G - Garden","",107809
"Hooded Hydra",2,"Creature - Snake Hydra",G,"ktk","136",mythic,Green,Owned,Non-foil,false,,,"G - Scaled","",54410
"Intrepid Trufflesnout",2,"Creature - Boar",G,"woe","320",uncommon,Green,Owned,,false,,,"G - Cute","",116106
"Kurbis, Harvest Celebrant",2,"Legendary Creature - Treefolk",G,"mic","27",rare,Green,Owned,,false,,,"G - Garden","",
"Masked Vandal",2,"Creature - Shapeshifter",G,"khm","184",common,Green,Owned,,false,,,"WUG - Scooby Doo","",87711
"Merfolk Branchwalker",2,"Creature - Merfolk Scout",G,"xln","197",uncommon,Green,Owned,Non-foil,false,,,"G - Explorers","",65414
"Mother Bear",2,"Creature - Bear",G,"mh1","171",common,Green,Owned,Non-foil,false,,,"G - Bears","",72714
"Overgrown Battlement",2,"Creature - Wall",G,"jmp","417",uncommon,Green,Owned,Non-foil,false,,,"G - Walls","",
"Poison Dart Frog",2,"Creature - Frog",G,"lci","207",common,Green,Owned,,false,,,"G - Cute","",118248
"Skola Grovedancer",2,"Enchantment Creature - Satyr Druid",G,"thb","202",common,Green,Owned,,false,,,"BG - Crawling","",79528
"Vastwood Hydra",2,"Creature - Hydra",G,"m14","198",rare,Green,Owned,Non-foil,false,,,"G - Scaled","",49401
"Wall of Roots",2,"Creature - Plant Wall",G,"arc","73",common,Green,Owned,Non-foil,false,,,"G - Walls","",
"Werebear",2,"Creature - Human Bear Druid",G,"ody","282",common,Green,Owned,Non-foil,false,,,"G - Bears","",16615
"Wildgrowth Walker",2,"Creature - Elemental",G,"xln","216",uncommon,Green,Owned,Non-foil,false,,,"G - Explorers","",65452
"Axebane Guardian",3,"Creature - Human Druid",G,"rtr","115",common,Green,Owned,Non-foil,false,,,"G - Walls","",46625
"Carven Caryatid",3,"Creature - Spirit",G,"ima","156",uncommon,Green,Owned,Non-foil,false,,,"G - Walls","",66191
"Deathgorge Scavenger",3,"Creature - Dinosaur",G,"xln","184",rare,Green,Owned,Non-foil,false,,,"G - Dinosaurs","",65386
"Dragon-Scarred Bear",3,"Creature - Bear",G,"dtk","183",common,Green,Owned,Non-foil,false,,,"G - Bears","",56308
"Fertilid",3,"Creature - Elemental",G,"iko","152",common,Green,Owned,,false,,,"G - Garden","",80313
"Grazing Gladehart",3,"Creature - Antelope",G,"ddp","14",common,Green,Owned,Non-foil,false,,,"G - Explorers","",
"Hazardroot Herbalist",3,"Creature - Rabbit Druid",G,"blb","174",uncommon,Green,Owned,,false,,,"G - Cute","",129593
"Jadelight Ranger",3,"Creature - Merfolk Scout",G,"rix","136",rare,Green,Owned,Non-foil,false,,,"G - Explorers","",66725
"Loamcrafter Faun",3,"Creature - Satyr Druid",G,"woc","19",rare,Green,Owned,,false,,,"G - Explorers","",117294
"Loathsome Chimera",3,"Creature - Chimera",G,"thb","177",common,Green,Owned,,false,,,"G - Explorers","",79478
"Ranging Raptors",3,"Creature - Dinosaur",G,"xln","201",uncommon,Green,Owned,Non-foil,false,,,"G - Dinosaurs","",65422
"Spineseeker Centipede",3,"Creature - Insect",G,"dsk","199",common,Green,Owned,,false,,,"BG - Crawling","",130529
"Thrashing Brontodon",3,"Creature - Dinosaur",G,"rix","148",uncommon,Green,Owned,Non-foil,false,,,"G - Dinosaurs","",66749
"Tireless Tracker",3,"Creature - Human Scout",G,"mkc","190",rare,Green,Owned,,false,,,"G - Explorers","",122520
"Topography Tracker",3,"Creature - Merfolk Scout",G,"lcc","95",rare,Green,Owned,,false,,,"G - Explorers","",119196
"Ulvenwald Bear",3,"Creature - Bear",G,"dka","129",common,Green,Owned,Non-foil,false,,,"G - Bears","",43229
"Vivien's Grizzly",3,"Creature - Bear Spirit",G,"war","182",common,Green,Owned,Non-foil,false,,,"G - Bears","",71970
"Webspinner Cuff",3,"Artifact Creature - Equipment Spider",G,"neo","214",uncommon,Green,Owned,,false,,,"BG - Crawling","",97374
"Bloom Hulk",4,"Creature - Plant Elemental",G,"war","154",common,Green,Owned,,false,,,"G - Garden","",71914
"Domesticated Hydra",4,"Creature - Hydra",G,"cn2","63",uncommon,Green,Owned,Non-foil,false,,,"G - Scaled","",
"Forgotten Ancient",4,"Creature - Elemental",G,"j25","147",rare,Green,Owned,,false,,,"G - Garden","",
"Knight of the Stampede",4,"Creature - Human Knight",G,"rix","138",common,Green,Owned,Non-foil,false,,,"G - Dinosaurs","",66729
"Sultai Flayer",4,"Creature - Naga Shaman",G,"ktk","152",uncommon,Green,Owned,Non-foil,false,,,"G - Walls","",54394
"Crested Herdcaller",5,"Creature - Dinosaur",G,"rix","126",uncommon,Green,Owned,Non-foil,false,,,"G - Dinosaurs","",66705
"Grizzly Fate",5,"Creature",G,"jud","119",uncommon,Green,Owned,Non-foil,false,,,"G - Bears","",17594
"Snapping Sailback",5,"Creature - Dinosaur",G,"xln","208",uncommon,Green,Owned,Non-foil,false,,,"G - Dinosaurs","",65436
"Affectionate Indrik",6,"Creature - Beast",G,"grn","121",uncommon,Green,Owned,,false,,,"G - Cute","",69615
"Colossal Dreadmaw",6,"Creature - Dinosaur",G,"xln","180",common,Green,Owned,Non-foil,false,,,"G - Dinosaurs","",65378
"Greater Tanuki",6,"Enchantment Creature - Dog",G,"neo","189",common,Green,Owned,,false,,,"G - Cute","",97318
"Orchard Strider",6,"Creature - Treefolk",G,"mh2","169",common,Green,Owned,,false,,,"G - Garden","",90715
"Thundering Spineback",7,"Creature - Dinosaur",G,"xln","210",uncommon,Green,Owned,Non-foil,false,,,"G - Dinosaurs","",65440
"Confront the Unknown",1,"Instant",G,"soi","198",common,Green,Owned,,false,,,"WUG - Scooby Doo","",60154
"Embiggen",1,"Instant",G,"unf","423",common,Green,Owned,,false,,,"BG - Crawling","",
"Lifecraft Awakening",1,"Instant",G,"aer","112",uncommon,Green,Owned,Non-foil,false,,,"G - Scaled","",62793
"Peerless Recycling",2,"Instant",G,"blb","188",uncommon,Green,Owned,,false,,,"G - Garden","",129621
"Tower Defense",2,"Instant",G,"rna","147",uncommon,Green,Owned,Non-foil,false,,,"G - Walls","",71294
"Clear Shot",3,"Instant",G,"emn","152",uncommon,Green,Owned,,false,,,"G - Explorers","",61250
"Crushing Canopy",3,"Instant",G,"jmp","386",common,Green,Owned,Non-foil,false,,,"G - Dinosaurs","",
"Adventurous Impulse",1,"Sorcery",G,"iko","142",common,Green,Owned,,false,,,"G - Explorers","",80293
"Commune with Dinosaurs",1,"Sorcery",G,"xln","181",common,Green,Owned,Non-foil,false,,,"G - Dinosaurs","",65380
"For the Common Good",1,"Sorcery",G,"blb","321",rare,Green,Owned,,false,,,"G - Cute","",129055
"Savage Stomp",1,"Sorcery",G,"jmp","427",uncommon,Green,Owned,Non-foil,false,,,"G - Dinosaurs","",
"Savage Swipe",1,"Sorcery",G,"mh1","178",common,Green,Owned,Non-foil,false,,,"G - Bears","",72728
"Thirsting Roots",1,"Sorcery",G,"one","185",common,Green,Owned,,false,,,"G - Garden","",106585
"Explore",2,"Sorcery",G,"j25","146",common,Green,Owned,,false,,,"G - Explorers","",
"Mulch",2,"Sorcery",G,"sth","110",common,Green,Owned,,false,,,"G - Garden","",10327
"Nature's Way",2,"Sorcery",G,"kld","162",uncommon,Green,Owned,Non-foil,false,,,"G - Bears","",61749
"Explosive Vegetation",4,"Sorcery",G,"hop","70",uncommon,Green,Owned,Non-foil,false,,,"G - Scaled","",44626
"Overrun",5,"Sorcery",G,"m10","198",uncommon,Green,Owned,Non-foil,false,,,"G - Bears","",33013
"Glowcap Lantern",1,"Artifact - Equipment",G,"lci","187",uncommon,Green,Owned,,false,,,"G - Explorers","",118198
"Heaped Harvest",3,"Artifact - Food",G,"blb","175",common,Green,Owned,,false,,,"G - Garden","",129595
"Rancor",1,"Enchantment - Aura",G,"m13","185",uncommon,Green,Owned,Non-foil,false,,,"G - Bears","",45252
"Stocking the Pantry",1,"Enchantment",G,"blb","194",uncommon,Green,Owned,,false,,,"G - Garden","",129633
"Assault Formation",2,"Enchantment",G,"jmp","378",rare,Green,Owned,Non-foil,false,,,"G - Walls","",
"Fertile Ground",2,"Enchantment - Aura",G,"usg","252",common,Green,Owned,,false,,,"G - Garden","",12099
"Hunter's Talent",2,"Enchantment - Class",G,"blb","179",uncommon,Green,Owned,,false,,,"G - Cute","",129603
"Crawling Sensation",3,"Enchantment",G,"soi","199",uncommon,Green,Owned,,false,,,"BG - Crawling","",60172
"Endless One",0,"Creature - Eldrazi",,"bfz","8",rare,Colorless,Owned,Non-foil,false,,,"G - Scaled","",58743
"Ugin's Conjurant",0,"Creature - Spirit Monk",,"war","3",uncommon,Colorless,Owned,Non-foil,false,,,"G - Scaled","",71612
"Iron Apprentice",1,"Artifact Creature - Construct",,"neo","248",common,Colorless,Owned,Non-foil,false,,,"UR - High-Tech","",97446
"Myr Retriever",2,"Artifact Creature - Myr",,"mrd","215",uncommon,Colorless,Owned,Non-foil,false,,,"W - Myr","",19813
"Perilous Myr",2,"Artifact Creature - Myr",,"a25","227",uncommon,Colorless,Owned,Non-foil,false,,,"W - Myr","",67368
"Bloodline Pretender",3,"Artifact Creature - Shapeshifter",,"khm","235",uncommon,Colorless,Owned,Non-foil,false,,,"B - Ghost","",87813
"Bronze Walrus",3,"Artifact Creature - Walrus",,"clb","302",common,Colorless,Owned,,false,,,"C - Urza's","",100642
"Filigree Familiar",3,"Artifact Creature - Fox",,"kld","212",uncommon,Colorless,Owned,,false,,,"G - Cute","",61789
"Liberator, Urza's Battlethopter",3,"Legendary Artifact Creature - Thopter",,"bro","237",rare,Colorless,Owned,,false,,,"C - Urza's","",105098
"Myr Galvanizer",3,"Artifact Creature - Myr",,"som","181",uncommon,Colorless,Owned,Non-foil,false,,,"W - Myr","",38455
"Skyscanner",3,"Artifact Creature - Thopter",,"m19","245",common,Colorless,Owned,Non-foil,false,,,"W - Blinking","",68653
"Golem Artisan",5,"Artifact Creature - Golem",,"som","159",uncommon,Colorless,Owned,,false,,,"C - Urza's","",38169
"Scuttling Doom Engine",6,"Artifact Creature - Construct",,"m15","229",rare,Colorless,Owned,,false,,,"UR - High-Tech","",53636
"Clockwork Dragon",7,"Artifact Creature - Dragon",,"mrd","155",rare,Colorless,Owned,,false,,,"C - Urza's","",20055
"Meteor Golem",7,"Artifact Creature - Golem",,"m20","232",uncommon,Colorless,Owned,Non-foil,false,,,"W - Blinking","",73363
"Meteor Golem",7,"Artifact Creature - Golem",,"m19","241",uncommon,Colorless,Owned,,false,,,"C - Urza's","",68645
"Myr Battlesphere",7,"Artifact Creature - Myr Construct",,"c13","247",rare,Colorless,Owned,Non-foil,false,,,"W - Myr","",51104
"Roving Keep",7,"Artifact Creature - Wall",,"eld","228",common,Colorless,Owned,Non-foil,false,,,"G - Walls","",78602
"Colossus of Akros",8,"Artifact Creature - Golem",,"ths","214",rare,Colorless,Owned,Non-foil,false,,,"G - Walls","",50394
"Metalwork Colossus",11,"Artifact Creature - Construct",,"kld","222",rare,Colorless,Owned,,false,,,"C - Urza's","",61807
"Chromatic Star",1,"Artifact",,"brr","11",uncommon,Colorless,Owned,,false,,,"C - Urza's","",104440
"Expedition Map",1,"Artifact",,"fdn","724",common,Colorless,Owned,,false,,,"C - Urza's","",
"Heirloom Epic",1,"Artifact",,"blb","246",uncommon,Colorless,Owned,,false,,,"G - Cute","",129737
"Scroll of Avacyn",1,"Artifact",,"jmp","483",common,Colorless,Owned,Non-foil,false,,,"W - Angels","",
"Witch's Oven",1,"Artifact",,"eld","237",uncommon,Colorless,Owned,Non-foil,false,,,"B - Witchcraft","",78620
"Bubbling Cauldron",2,"Artifact",,"jmp","460",uncommon,Colorless,Owned,Non-foil,false,,,"B - Witchcraft","",
"Contagion Clasp",2,"Artifact",,"som","144",uncommon,Colorless,Owned,Non-foil,false,,,"U - Leveling","",38085
"Guardian Idol",2,"Artifact",,"jmp","467",uncommon,Colorless,Owned,Non-foil,false,,,"W - Angels","",
"Ichor Wellspring",2,"Artifact",,"mbs","110",common,Colorless,Owned,,false,,,"UR - High-Tech","",39339
"Lucky Clover",2,"Artifact",,"eld","226",uncommon,Colorless,Owned,Non-foil,false,,,"W - Adventures","",78598
"Planar Atlas",2,"Artifact",,"j22","51",uncommon,Colorless,Owned,,false,,,"C - Urza's","",
"Shrine of Loyal Legions",2,"Artifact",,"md1","5",uncommon,Colorless,Owned,Non-foil,false,,,"W - Myr","",
"Sky Skiff",2,"Artifact - Vehicle",,"kld","233",common,Colorless,Owned,Non-foil,false,,,"R - Vehicles","",62081
"Spare Supplies",2,"Artifact",,"znr","254",common,Colorless,Owned,,false,,,"C - Urza's","",83503
"Warmonger's Chariot",2,"Artifact - Equipment",,"roe","226",uncommon,Colorless,Owned,Non-foil,false,,,"G - Walls","",36672
"Aethersphere Harvester",3,"Artifact - Vehicle",,"aer","142",rare,Colorless,Owned,Non-foil,false,,,"R - Vehicles","",62887
"Cultivator's Caravan",3,"Artifact - Vehicle",,"kld","203",rare,Colorless,Owned,,false,,,"C - Urza's","",62045
"Daredevil Dragster",3,"Artifact - Vehicle",,"aer","149",uncommon,Colorless,Owned,Non-foil,false,,,"R - Vehicles","",62903
"Fireshrieker",3,"Artifact - Equipment",,"mrd","171",uncommon,Colorless,Owned,,false,,,"R - Flaming","",19895
"Loxodon Warhammer",3,"Artifact - Equipment",,"c14","247",rare,Colorless,Owned,Non-foil,false,,,"B - Ghost","",55095
"Network Terminal",3,"Artifact",,"neo","251",common,Colorless,Owned,,false,,,"U - Computerized","",97452
"Renegade Freighter",3,"Artifact - Vehicle",,"kld","230",common,Colorless,Owned,Non-foil,false,,,"R - Vehicles","",61593
"Spinning Wheel",3,"Artifact",,"eld","234",uncommon,Colorless,Owned,,false,,,"U - Computerized","",78614
"Eriette's Tempting Apple",4,"Legendary Artifact - Food",,"woe","245",uncommon,Colorless,Owned,,false,,,"WR - Snow White","",116878
"Fleetwheel Cruiser",4,"Artifact - Vehicle",,"kld","214",rare,Colorless,Owned,Non-foil,false,,,"R - Vehicles","",62071
"Nevinyrral's Disk",4,"Artifact",,"c13","248",rare,Colorless,Owned,,false,,,"U - Computerized","",51094
"Untethered Express",4,"Artifact - Vehicle",,"aer","179",uncommon,Colorless,Owned,Non-foil,false,,,"R - Vehicles","",62885
"Momentary Blink",2,"Instant",WU,"tsr","28",common,Multicolored,Owned,Non-foil,false,,,"W - Blinking","",86419
"Private Eye",3,"Creature - Homunculus Detective",UW,"mkm","223",uncommon,Multicolored,Owned,,false,,,"WUG - Scooby Doo","",121920
"Meddling Kids",4,"Creature - Human Child",UW,"unh","118",rare,Multicolored,Owned,,false,,,"WUG - Scooby Doo","",
"Rosheen Meanderer",4,"Legendary Creature - Giant Shaman",RG,"ima","206",uncommon,Multicolored,Owned,Non-foil,false,,,"G - Scaled","",66291
"Huatli, the Sun's Heart",3,"Legendary Planeswalker - Huatli",WG,"war","230",uncommon,Multicolored,Owned,Non-foil,false,,,"G - Walls","",72066
"Balmor, Battlemage Captain",2,"Legendary Creature - Bird Wizard",RU,"dmu","295",uncommon,Multicolored,Owned,,false,,,"UR - Bisexual","",
"Enthusiastic Mechanaut",2,"Artifact Creature - Goblin Artificer",RU,"neo","218",uncommon,Multicolored,Owned,Non-foil,false,,,"UR - High-Tech","",97382
"Saheeli, Sublime Artificer",3,"Legendary Planeswalker - Saheeli",RU,"sld","534",uncommon,Multicolored,Owned,,false,,,"UR - Bisexual","",
"The Royal Scions",3,"Legendary Planeswalker - Will Rowan",RU,"eld","199",mythic,Multicolored,Owned,,false,,,"UR - Bisexual","",78542
"Broodspinner",2,"Creature - Spider",BG,"dsk","211",uncommon,Multicolored,Owned,,false,,,"BG - Crawling","",130553
"Nyx Weaver",3,"Enchantment Creature - Spider",BG,"jou","153",uncommon,Multicolored,Owned,,false,,,"BG - Crawling","",52084
"The Swarmweaver",4,"Legendary Artifact Creature - Scarecrow",BG,"dsk","236",rare,Multicolored,Owned,,false,,,"BG - Crawling","",130603
"Spider Spawning",5,"Sorcery",G,"isd","203",uncommon,Multicolored,Owned,,false,,,"BG - Crawling","",42396
"Biomass Mutation",2,"Instant",GU,"c19","187",rare,Multicolored,Owned,Non-foil,false,,,"G - Scaled","",77488
"Sophia, Dogged Detective",4,"Legendary Creature - Human Detective",GUW,"mkc","8",mythic,Multicolored,Owned,,false,,,"WUG - Scooby Doo","",122858
"Swiftwater Cliffs",0,"Land",RU,"ktk","243",common,Lands,Owned,Non-foil,false,,,"UR - High-Tech","",54076
"Jungle Hollow",0,"Land",,"ktk","235",common,Lands,Owned,,false,,,"BG - Crawling","",54072
"Wind-Scarred Crag",0,"Land",,"eld","308",common,Lands,Owned,,false,,,"WR - Snow White","",78040
"Barren Moor",0,"Land",B,"arc","124",common,Lands,Owned,Non-foil,false,,,"B - Cycling","",
"Barren Moor",0,"Land",B,"ddc","58",common,Lands,Owned,Non-foil,false,,,"B - Skeletons","",32080
"Buried Ruin",0,"Land",,"jmp","491",uncommon,Lands,Owned,Non-foil,false,,,"W - Myr","",
"Conduit Pylons",0,"Land - Desert",,"otj","254",common,Lands,Owned,,false,,,"U - Computerized","",124419
"Evolving Wilds",0,"Land",,"ddo","58",common,Lands,Owned,Non-foil,false,,,"G - Scaled","",
"Evolving Wilds",0,"Land",,"ddo","58",common,Lands,Owned,Non-foil,false,,,"R - Spellslinger","",
"Evolving Wilds",0,"Land",,"ddo","58",common,Lands,Owned,Non-foil,false,,,"R - Vehicles","",
"Evolving Wilds",0,"Land",,"ddo","58",common,Lands,Owned,Non-foil,false,,,"B - Cycling","",
"Evolving Wilds",0,"Land",,"ddo","58",common,Lands,Owned,Non-foil,false,,,"G - Walls","",
"Evolving Wilds",0,"Land",,"ddo","58",common,Lands,Owned,Non-foil,false,,,"G - Dinosaurs","",
"Evolving Wilds",0,"Land",,"ddo","58",common,Lands,Owned,Non-foil,false,,,"W - Myr","",
"Evolving Wilds",0,"Land",,"m13","224",common,Lands,Owned,,false,,,"BG - Crawling","",45366
"Forest",0,"Basic Land - Forest",G,"ddr","35",common,Lands,Owned,Non-foil,false,,,"G - Bears","",
"Forest",0,"Basic Land - Forest",G,"ddr","35",common,Lands,Owned,Non-foil,false,,,"G - Bears","",
"Forest",0,"Basic Land - Forest",G,"ddr","35",common,Lands,Owned,Non-foil,false,,,"G - Bears","",
"Forest",0,"Basic Land - Forest",G,"ddr","35",common,Lands,Owned,Non-foil,false,,,"G - Bears","",
"Forest",0,"Basic Land - Forest",G,"ddr","35",common,Lands,Owned,Non-foil,false,,,"G - Bears","",
"Forest",0,"Basic Land - Forest",G,"ddr","35",common,Lands,Owned,Non-foil,false,,,"G - Scaled","",
"Forest",0,"Basic Land - Forest",G,"ddr","35",common,Lands,Owned,Non-foil,false,,,"G - Scaled","",
"Forest",0,"Basic Land - Forest",G,"ddr","35",common,Lands,Owned,Non-foil,false,,,"G - Scaled","",
"Forest",0,"Basic Land - Forest",G,"ddr","35",common,Lands,Owned,Non-foil,false,,,"G - Scaled","",
"Forest",0,"Basic Land - Forest",G,"ddr","35",common,Lands,Owned,Non-foil,false,,,"G - Scaled","",
"Forest",0,"Basic Land - Forest",G,"ddr","35",common,Lands,Owned,Non-foil,false,,,"G - Scaled","",
"Forest",0,"Basic Land - Forest",G,"ddr","35",common,Lands,Owned,Non-foil,false,,,"G - Scaled","",
"Forest",0,"Basic Land - Forest",G,"ddr","35",common,Lands,Owned,Non-foil,false,,,"G - Walls","",
"Forest",0,"Basic Land - Forest",G,"ddr","35",common,Lands,Owned,Non-foil,false,,,"G - Walls","",
"Forest",0,"Basic Land - Forest",G,"ddr","35",common,Lands,Owned,Non-foil,false,,,"G - Walls","",
"Forest",0,"Basic Land - Forest",G,"ddr","35",common,Lands,Owned,Non-foil,false,,,"G - Walls","",
"Forest",0,"Basic Land - Forest",G,"ddr","35",common,Lands,Owned,Non-foil,false,,,"G - Walls","",
"Forest",0,"Basic Land - Forest",G,"ddr","35",common,Lands,Owned,Non-foil,false,,,"G - Walls","",
"Forest",0,"Basic Land - Forest",G,"ddr","35",common,Lands,Owned,Non-foil,false,,,"G - Bears","",
"Forest",0,"Basic Land - Forest",G,"ddr","35",common,Lands,Owned,Non-foil,false,,,"G - Dinosaurs","",
"Forest",0,"Basic Land - Forest",G,"ddr","35",common,Lands,Owned,Non-foil,false,,,"G - Dinosaurs","",
"Forest",0,"Basic Land - Forest",G,"ddr","35",common,Lands,Owned,Non-foil,false,,,"G - Dinosaurs","",
"Forest",0,"Basic Land - Forest",G,"ddr","35",common,Lands,Owned,Non-foil,false,,,"G - Dinosaurs","",
"Forest",0,"Basic Land - Forest",G,"ddr","35",common,Lands,Owned,Non-foil,false,,,"G - Dinosaurs","",
"Forest",0,"Basic Land - Forest",G,"ddr","35",common,Lands,Owned,Non-foil,false,,,"G - Dinosaurs","",
"Forest",0,"Basic Land - Forest",G,"ddr","35",common,Lands,Owned,Non-foil,false,,,"G - Dinosaurs","",
"Forest",0,"Basic Land - Forest",G,"ddr","35",common,Lands,Owned,Non-foil,false,,,"G - Explorers","",
"Forest",0,"Basic Land - Forest",G,"ddr","35",common,Lands,Owned,Non-foil,false,,,"G - Explorers","",
"Forest",0,"Basic Land - Forest",G,"ddr","35",common,Lands,Owned,Non-foil,false,,,"G - Explorers","",
"Forest",0,"Basic Land - Forest",G,"ddr","35",common,Lands,Owned,Non-foil,false,,,"G - Explorers","",
"Forest",0,"Basic Land - Forest",G,"ddr","35",common,Lands,Owned,Non-foil,false,,,"G - Explorers","",
"Forest",0,"Basic Land - Forest",G,"ddr","35",common,Lands,Owned,Non-foil,false,,,"G - Explorers","",
"Forest",0,"Basic Land - Forest",G,"ddr","35",common,Lands,Owned,Non-foil,false,,,"G - Explorers","",
"Forest",0,"Basic Land - Forest",,"c13","353",common,Lands,Owned,,false,,,"BG - Crawling","",50860
"Forest",0,"Basic Land - Forest",,"c13","353",common,Lands,Owned,,false,,,"BG - Crawling","",50860
"Forest",0,"Basic Land - Forest",,"c13","353",common,Lands,Owned,,false,,,"BG - Crawling","",50860
"Forest",0,"Basic Land - Forest",,"m21","273",common,Lands,Owned,,false,,,"G - Garden","",81225
"Forest",0,"Basic Land - Forest",,"m21","273",common,Lands,Owned,,false,,,"G - Garden","",81225
"Forest",0,"Basic Land - Forest",,"m21","273",common,Lands,Owned,,false,,,"G - Garden","",81225
"Forest",0,"Basic Land - Forest",,"m21","273",common,Lands,Owned,,false,,,"G - Garden","",81225
"Forest",0,"Basic Land - Forest",,"m21","273",common,Lands,Owned,,false,,,"G - Garden","",81225
"Forest",0,"Basic Land - Forest",,"m21","273",common,Lands,Owned,,false,,,"G - Garden","",81225
"Forest",0,"Basic Land - Forest",,"m21","273",common,Lands,Owned,,false,,,"G - Garden","",81225
"Forest",0,"Basic Land - Forest",,"c13","353",common,Lands,Owned,,false,,,"WUG - Scooby Doo","",50860
"Forest",0,"Basic Land - Forest",,"woe","275",common,Lands,Owned,,false,,,"G - Cute","",116928
"Forest",0,"Basic Land - Forest",,"woe","275",common,Lands,Owned,,false,,,"G - Cute","",116928
"Forest",0,"Basic Land - Forest",,"woe","275",common,Lands,Owned,,false,,,"G - Cute","",116928
"Forest",0,"Basic Land - Forest",,"woe","275",common,Lands,Owned,,false,,,"G - Cute","",116928
"Forest",0,"Basic Land - Forest",,"woe","275",common,Lands,Owned,,false,,,"G - Cute","",116928
"Forest",0,"Basic Land - Forest",,"woe","275",common,Lands,Owned,,false,,,"G - Cute","",116928
"Ghost Quarter",0,"Land",,"cm2","253",uncommon,Lands,Owned,Non-foil,false,,,"B - Ghost","",
"Gingerbread Cabin",0,"Land - Forest",,"eld","245",common,Lands,Owned,,false,,,"G - Cute","",78636
"Idyllic Grange",0,"Land - Plains",W,"eld","246",common,Lands,Owned,Non-foil,false,,,"W - Adventures","",78638
"Island",0,"Basic Land - Island",U,"eld","255",common,Lands,Owned,Non-foil,false,,,"U - Leveling","",78656
"Island",0,"Basic Land - Island",U,"eld","255",common,Lands,Owned,Non-foil,false,,,"U - Leveling","",78656
"Island",0,"Basic Land - Island",U,"eld","255",common,Lands,Owned,Non-foil,false,,,"U - Leveling","",78656
"Island",0,"Basic Land - Island",U,"eld","255",common,Lands,Owned,Non-foil,false,,,"U - Leveling","",78656
"Island",0,"Basic Land - Island",U,"eld","255",common,Lands,Owned,Non-foil,false,,,"U - Leveling","",78656
"Island",0,"Basic Land - Island",U,"eld","255",common,Lands,Owned,Non-foil,false,,,"U - Leveling","",78656
"Island",0,"Basic Land - Island",U,"eld","255",common,Lands,Owned,Non-foil,false,,,"U - Leveling","",78656
"Island",0,"Basic Land - Island",U,"eld","255",common,Lands,Owned,Non-foil,false,,,"U - Ninjas","",78656
"Island",0,"Basic Land - Island",U,"eld","255",common,Lands,Owned,Non-foil,false,,,"U - Ninjas","",78656
"Island",0,"Basic Land - Island",U,"eld","255",common,Lands,Owned,Non-foil,false,,,"U - Ninjas","",78656
"Island",0,"Basic Land - Island",U,"eld","255",common,Lands,Owned,Non-foil,false,,,"U - Ninjas","",78656
"Island",0,"Basic Land - Island",U,"eld","255",common,Lands,Owned,Non-foil,false,,,"U - Ninjas","",78656
"Island",0,"Basic Land - Island",U,"eld","255",common,Lands,Owned,Non-foil,false,,,"U - Ninjas","",78656
"Island",0,"Basic Land - Island",U,"lea","288",common,Lands,Owned,Non-foil,false,,,"UR - High-Tech","",
"Island",0,"Basic Land - Island",U,"lea","288",common,Lands,Owned,Non-foil,false,,,"UR - High-Tech","",
"Island",0,"Basic Land - Island",U,"lea","288",common,Lands,Owned,Non-foil,false,,,"UR - High-Tech","",
"Island",0,"Basic Land - Island",,"c13","341",common,Lands,Owned,,false,,,"U - Computerized","",51170
"Island",0,"Basic Land - Island",,"c13","341",common,Lands,Owned,,false,,,"U - Computerized","",51170
"Island",0,"Basic Land - Island",,"c13","341",common,Lands,Owned,,false,,,"U - Computerized","",51170
"Island",0,"Basic Land - Island",,"c13","341",common,Lands,Owned,,false,,,"U - Computerized","",51170
"Island",0,"Basic Land - Island",,"c13","341",common,Lands,Owned,,false,,,"U - Computerized","",51170
"Island",0,"Basic Land - Island",,"c13","341",common,Lands,Owned,,false,,,"U - Computerized","",51170
"Island",0,"Basic Land - Island",,"rtr","255",common,Lands,Owned,,false,,,"UR - Bisexual","",46523
"Island",0,"Basic Land - Island",,"rtr","255",common,Lands,Owned,,false,,,"UR - Bisexual","",46523
"Island",0,"Basic Land - Island",,"rtr","255",common,Lands,Owned,,false,,,"UR - Bisexual","",46523
"Island",0,"Basic Land - Island",,"c13","341",common,Lands,Owned,,false,,,"WUG - Scooby Doo","",51170
"Island",0,"Basic Land - Island",,"c13","341",common,Lands,Owned,,false,,,"WUG - Scooby Doo","",51170
"Island",0,"Basic Land - Island",,"c13","341",common,Lands,Owned,,false,,,"WUG - Scooby Doo","",51170
"Memorial to Folly",0,"Land",,"dom","242",uncommon,Lands,Owned,,false,,,"BG - Crawling","",67949
"Mirrodin's Core",0,"Land",,"dst","165",uncommon,Lands,Owned,,false,,,"U - Computerized","",20475
"Mountain",0,"Basic Land - Mountain",R,"2ed","298",common,Lands,Owned,Non-foil,false,,,"R - Vehicles","",
"Mountain",0,"Basic Land - Mountain",R,"2ed","298",common,Lands,Owned,Non-foil,false,,,"R - Vehicles","",
"Mountain",0,"Basic Land - Mountain",R,"2ed","298",common,Lands,Owned,Non-foil,false,,,"R - Vehicles","",
"Mountain",0,"Basic Land - Mountain",R,"2ed","298",common,Lands,Owned,Non-foil,false,,,"R - Vehicles","",
"Mountain",0,"Basic Land - Mountain",R,"2ed","298",common,Lands,Owned,Non-foil,false,,,"R - Vehicles","",
"Mountain",0,"Basic Land - Mountain",R,"2ed","298",common,Lands,Owned,Non-foil,false,,,"R - Vehicles","",
"Mountain",0,"Basic Land - Mountain",R,"2ed","298",common,Lands,Owned,Non-foil,false,,,"R - Vehicles","",
"Mountain",0,"Basic Land - Mountain",R,"2ed","298",common,Lands,Owned,Non-foil,false,,,"R - Spellslinger","",
"Mountain",0,"Basic Land - Mountain",R,"2ed","298",common,Lands,Owned,Non-foil,false,,,"R - Spellslinger","",
"Mountain",0,"Basic Land - Mountain",R,"2ed","298",common,Lands,Owned,Non-foil,false,,,"R - Spellslinger","",
"Mountain",0,"Basic Land - Mountain",R,"2ed","298",common,Lands,Owned,Non-foil,false,,,"R - Spellslinger","",
"Mountain",0,"Basic Land - Mountain",R,"2ed","298",common,Lands,Owned,Non-foil,false,,,"R - Spellslinger","",
"Mountain",0,"Basic Land - Mountain",R,"2ed","298",common,Lands,Owned,Non-foil,false,,,"R - Spellslinger","",
"Mountain",0,"Basic Land - Mountain",R,"2ed","298",common,Lands,Owned,Non-foil,false,,,"R - Spellslinger","",
"Mountain",0,"Basic Land - Mountain",R,"2ed","298",common,Lands,Owned,Non-foil,false,,,"R - Dragons","",
"Mountain",0,"Basic Land - Mountain",R,"2ed","298",common,Lands,Owned,Non-foil,false,,,"R - Dragons","",
"Mountain",0,"Basic Land - Mountain",R,"2ed","298",common,Lands,Owned,Non-foil,false,,,"R - Dragons","",
"Mountain",0,"Basic Land - Mountain",R,"2ed","298",common,Lands,Owned,Non-foil,false,,,"R - Dragons","",
"Mountain",0,"Basic Land - Mountain",R,"2ed","298",common,Lands,Owned,Non-foil,false,,,"R - Dragons","",
"Mountain",0,"Basic Land - Mountain",R,"2ed","298",common,Lands,Owned,Non-foil,false,,,"R - Dragons","",
"Mountain",0,"Basic Land - Mountain",R,"2ed","298",common,Lands,Owned,Non-foil,false,,,"R - Dragons","",
"Mountain",0,"Basic Land - Mountain",R,"lea","292",common,Lands,Owned,Non-foil,false,,,"UR - High-Tech","",
"Mountain",0,"Basic Land - Mountain",R,"lea","292",common,Lands,Owned,Non-foil,false,,,"UR - High-Tech","",
"Mountain",0,"Basic Land - Mountain",R,"lea","292",common,Lands,Owned,Non-foil,false,,,"UR - High-Tech","",
"Mountain",0,"Basic Land - Mountain",R,"lea","292",common,Lands,Owned,Non-foil,false,,,"UR - High-Tech","",
"Mountain",0,"Basic Land - Mountain",,"c13","349",common,Lands,Owned,,false,,,"WR - Snow White","",51148
"Mountain",0,"Basic Land - Mountain",,"c13","349",common,Lands,Owned,,false,,,"WR - Snow White","",51148
"Mountain",0,"Basic Land - Mountain",,"c13","349",common,Lands,Owned,,false,,,"WR - Snow White","",51148
"Mountain",0,"Basic Land - Mountain",,"rtr","265",common,Lands,Owned,,false,,,"UR - Bisexual","",46533
"Mountain",0,"Basic Land - Mountain",,"rtr","265",common,Lands,Owned,,false,,,"UR - Bisexual","",46533
"Mountain",0,"Basic Land - Mountain",,"rtr","265",common,Lands,Owned,,false,,,"UR - Bisexual","",46533
"Mountain",0,"Basic Land - Mountain",,"mom","280",common,Lands,Owned,,false,,,"R - Flaming","",109790
"Mountain",0,"Basic Land - Mountain",,"mom","280",common,Lands,Owned,,false,,,"R - Flaming","",109790
"Mountain",0,"Basic Land - Mountain",,"mom","280",common,Lands,Owned,,false,,,"R - Flaming","",109790
"Mountain",0,"Basic Land - Mountain",,"mom","280",common,Lands,Owned,,false,,,"R - Flaming","",109790
"Mountain",0,"Basic Land - Mountain",,"mom","280",common,Lands,Owned,,false,,,"R - Flaming","",109790
"Mountain",0,"Basic Land - Mountain",,"mom","280",common,Lands,Owned,,false,,,"R - Flaming","",109790
"Mountain",0,"Basic Land - Mountain",,"mom","280",common,Lands,Owned,,false,,,"R - Flaming","",109790
"Plains",0,"Basic Land - Plains",W,"cma","292",common,Lands,Owned,Non-foil,false,,,"W - Adventures","",
"Plains",0,"Basic Land - Plains",W,"cma","292",common,Lands,Owned,Non-foil,false,,,"W - Adventures","",
"Plains",0,"Basic Land - Plains",W,"cma","292",common,Lands,Owned,Non-foil,false,,,"W - Adventures","",
"Plains",0,"Basic Land - Plains",W,"cma","292",common,Lands,Owned,Non-foil,false,,,"W - Adventures","",
"Plains",0,"Basic Land - Plains",W,"cma","292",common,Lands,Owned,Non-foil,false,,,"W - Adventures","",
"Plains",0,"Basic Land - Plains",W,"cma","292",common,Lands,Owned,Non-foil,false,,,"W - Adventures","",
"Plains",0,"Basic Land - Plains",W,"cma","292",common,Lands,Owned,Non-foil,false,,,"W - Birds","",
"Plains",0,"Basic Land - Plains",W,"cma","292",common,Lands,Owned,Non-foil,false,,,"W - Birds","",
"Plains",0,"Basic Land - Plains",W,"cma","292",common,Lands,Owned,Non-foil,false,,,"W - Birds","",
"Plains",0,"Basic Land - Plains",W,"cma","292",common,Lands,Owned,Non-foil,false,,,"W - Birds","",
"Plains",0,"Basic Land - Plains",W,"cma","292",common,Lands,Owned,Non-foil,false,,,"W - Birds","",
"Plains",0,"Basic Land - Plains",W,"cma","292",common,Lands,Owned,Non-foil,false,,,"W - Birds","",
"Plains",0,"Basic Land - Plains",W,"cma","292",common,Lands,Owned,Non-foil,false,,,"W - Birds","",
"Plains",0,"Basic Land - Plains",W,"cma","292",common,Lands,Owned,Non-foil,false,,,"W - Cats","",
"Plains",0,"Basic Land - Plains",W,"cma","292",common,Lands,Owned,Non-foil,false,,,"W - Cats","",
"Plains",0,"Basic Land - Plains",W,"cma","292",common,Lands,Owned,Non-foil,false,,,"W - Cats","",
"Plains",0,"Basic Land - Plains",W,"cma","292",common,Lands,Owned,Non-foil,false,,,"W - Cats","",
"Plains",0,"Basic Land - Plains",W,"cma","292",common,Lands,Owned,Non-foil,false,,,"W - Cats","",
"Plains",0,"Basic Land - Plains",W,"cma","292",common,Lands,Owned,Non-foil,false,,,"W - Cats","",
"Plains",0,"Basic Land - Plains",W,"cma","292",common,Lands,Owned,Non-foil,false,,,"W - Myr","",
"Plains",0,"Basic Land - Plains",W,"cma","292",common,Lands,Owned,Non-foil,false,,,"W - Myr","",
"Plains",0,"Basic Land - Plains",W,"cma","292",common,Lands,Owned,Non-foil,false,,,"W - Myr","",
"Plains",0,"Basic Land - Plains",W,"cma","292",common,Lands,Owned,Non-foil,false,,,"W - Myr","",
"Plains",0,"Basic Land - Plains",W,"cma","292",common,Lands,Owned,Non-foil,false,,,"W - Myr","",
"Plains",0,"Basic Land - Plains",W,"cma","292",common,Lands,Owned,Non-foil,false,,,"W - Myr","",
"Plains",0,"Basic Land - Plains",W,"cma","292",common,Lands,Owned,Non-foil,false,,,"W - Blinking","",
"Plains",0,"Basic Land - Plains",W,"cma","292",common,Lands,Owned,Non-foil,false,,,"W - Blinking","",
"Plains",0,"Basic Land - Plains",W,"cma","292",common,Lands,Owned,Non-foil,false,,,"W - Blinking","",
"Plains",0,"Basic Land - Plains",W,"cma","292",common,Lands,Owned,Non-foil,false,,,"W - Blinking","",
"Plains",0,"Basic Land - Plains",W,"cma","292",common,Lands,Owned,Non-foil,false,,,"W - Blinking","",
"Plains",0,"Basic Land - Plains",W,"cma","292",common,Lands,Owned,Non-foil,false,,,"W - Blinking","",
"Plains",0,"Basic Land - Plains",W,"cma","292",common,Lands,Owned,Non-foil,false,,,"W - Blinking","",
"Plains",0,"Basic Land - Plains",W,"cma","292",common,Lands,Owned,Non-foil,false,,,"W - Angels","",
"Plains",0,"Basic Land - Plains",W,"cma","292",common,Lands,Owned,Non-foil,false,,,"W - Angels","",
"Plains",0,"Basic Land - Plains",W,"cma","292",common,Lands,Owned,Non-foil,false,,,"W - Angels","",
"Plains",0,"Basic Land - Plains",W,"cma","292",common,Lands,Owned,Non-foil,false,,,"W - Angels","",
"Plains",0,"Basic Land - Plains",W,"cma","292",common,Lands,Owned,Non-foil,false,,,"W - Angels","",
"Plains",0,"Basic Land - Plains",W,"cma","292",common,Lands,Owned,Non-foil,false,,,"W - Angels","",
"Plains",0,"Basic Land - Plains",W,"cma","292",common,Lands,Owned,Non-foil,false,,,"W - Angels","",
"Plains",0,"Basic Land - Plains",,"c13","337",common,Lands,Owned,,false,,,"WR - Snow White","",50862
"Plains",0,"Basic Land - Plains",,"c13","337",common,Lands,Owned,,false,,,"WR - Snow White","",50862
"Plains",0,"Basic Land - Plains",,"c13","337",common,Lands,Owned,,false,,,"WR - Snow White","",50862
"Plains",0,"Basic Land - Plains",,"c13","337",common,Lands,Owned,,false,,,"WR - Snow White","",50862
"Plains",0,"Basic Land - Plains",,"c13","337",common,Lands,Owned,,false,,,"WUG - Scooby Doo","",50862
"Plains",0,"Basic Land - Plains",,"c13","337",common,Lands,Owned,,false,,,"WUG - Scooby Doo","",50862
"Rogue's Passage",0,"Land",,"c19","270",uncommon,Lands,Owned,Non-foil,false,,,"U - Ninjas","",77662
"Scene of the Crime",0,"Artifact Land - Clue",,"mkm","267",uncommon,Lands,Owned,,false,,,"WUG - Scooby Doo","",122026
"Secluded Steppe",0,"Land",W,"c20","307",uncommon,Lands,Owned,Non-foil,false,,,"W - Cats","",
"Swamp",0,"Basic Land - Swamp",B,"jmp","59",common,Lands,Owned,Non-foil,false,,,"B - Skeletons","",
"Swamp",0,"Basic Land - Swamp",B,"jmp","59",common,Lands,Owned,Non-foil,false,,,"B - Skeletons","",
"Swamp",0,"Basic Land - Swamp",B,"jmp","59",common,Lands,Owned,Non-foil,false,,,"B - Skeletons","",
"Swamp",0,"Basic Land - Swamp",B,"jmp","59",common,Lands,Owned,Non-foil,false,,,"B - Skeletons","",
"Swamp",0,"Basic Land - Swamp",B,"jmp","59",common,Lands,Owned,Non-foil,false,,,"B - Skeletons","",
"Swamp",0,"Basic Land - Swamp",B,"jmp","59",common,Lands,Owned,Non-foil,false,,,"B - Skeletons","",
"Swamp",0,"Basic Land - Swamp",B,"jmp","59",common,Lands,Owned,Non-foil,false,,,"B - Ghost","",
"Swamp",0,"Basic Land - Swamp",B,"jmp","59",common,Lands,Owned,Non-foil,false,,,"B - Ghost","",
"Swamp",0,"Basic Land - Swamp",B,"jmp","59",common,Lands,Owned,Non-foil,false,,,"B - Ghost","",
"Swamp",0,"Basic Land - Swamp",B,"jmp","59",common,Lands,Owned,Non-foil,false,,,"B - Ghost","",
"Swamp",0,"Basic Land - Swamp",B,"jmp","59",common,Lands,Owned,Non-foil,false,,,"B - Ghost","",
"Swamp",0,"Basic Land - Swamp",B,"jmp","59",common,Lands,Owned,Non-foil,false,,,"B - Ghost","",
"Swamp",0,"Basic Land - Swamp",B,"jmp","59",common,Lands,Owned,Non-foil,false,,,"B - Witchcraft","",
"Swamp",0,"Basic Land - Swamp",B,"jmp","59",common,Lands,Owned,Non-foil,false,,,"B - Witchcraft","",
"Swamp",0,"Basic Land - Swamp",B,"jmp","59",common,Lands,Owned,Non-foil,false,,,"B - Witchcraft","",
"Swamp",0,"Basic Land - Swamp",B,"jmp","59",common,Lands,Owned,Non-foil,false,,,"B - Witchcraft","",
"Swamp",0,"Basic Land - Swamp",B,"jmp","59",common,Lands,Owned,Non-foil,false,,,"B - Witchcraft","",
"Swamp",0,"Basic Land - Swamp",B,"jmp","59",common,Lands,Owned,Non-foil,false,,,"B - Witchcraft","",
"Swamp",0,"Basic Land - Swamp",B,"jmp","59",common,Lands,Owned,Non-foil,false,,,"B - Cycling","",
"Swamp",0,"Basic Land - Swamp",B,"jmp","59",common,Lands,Owned,Non-foil,false,,,"B - Cycling","",
"Swamp",0,"Basic Land - Swamp",B,"jmp","59",common,Lands,Owned,Non-foil,false,,,"B - Cycling","",
"Swamp",0,"Basic Land - Swamp",B,"jmp","59",common,Lands,Owned,Non-foil,false,,,"B - Cycling","",
"Swamp",0,"Basic Land - Swamp",B,"jmp","59",common,Lands,Owned,Non-foil,false,,,"B - Cycling","",
"Swamp",0,"Basic Land - Swamp",B,"jmp","59",common,Lands,Owned,Non-foil,false,,,"B - Cycling","",
"Swamp",0,"Basic Land - Swamp",,"10e","372",common,Lands,Owned,,false,,,"BG - Crawling","",27266
"Swamp",0,"Basic Land - Swamp",,"10e","372",common,Lands,Owned,,false,,,"BG - Crawling","",27266
"Terramorphic Expanse",0,"Land",,"arc","134",common,Lands,Owned,Non-foil,false,,,"B - Ghost","",
"Terramorphic Expanse",0,"Land",,"arc","134",common,Lands,Owned,Non-foil,false,,,"G - Bears","",
"Thriving Bluff",0,"Land",,"jmp","33",common,Lands,Owned,,false,,,"R - Dragons","",81813
"Thriving Bluff",0,"Land",,"jmp","33",common,Lands,Owned,,false,,,"R - Flaming","",81813
"Thriving Grove",0,"Land",,"jmp","34",common,Lands,Owned,,false,,,"G - Explorers","",81815
"Thriving Grove",0,"Land",,"jmp","34",common,Lands,Owned,,false,,,"G - Garden","",81815
"Thriving Grove",0,"Land",,"jmp","34",common,Lands,Owned,,false,,,"G - Cute","",81815
"Thriving Heath",0,"Land",W,"jmp","35",common,Lands,Owned,Non-foil,false,,,"W - Blinking","",81817
"Thriving Heath",0,"Land",W,"jmp","35",common,Lands,Owned,Non-foil,false,,,"W - Birds","",81817
"Thriving Heath",0,"Land",W,"jmp","35",common,Lands,Owned,Non-foil,false,,,"W - Adventures","",81817
"Thriving Heath",0,"Land",W,"jmp","35",common,Lands,Owned,Non-foil,false,,,"W - Cats","",81817
"Thriving Heath",0,"Land",W,"jmp","35",common,Lands,Owned,Non-foil,false,,,"W - Angels","",81817
"Thriving Isle",0,"Land",U,"jmp","36",common,Lands,Owned,Non-foil,false,,,"U - Leveling","",81819
"Thriving Isle",0,"Land",,"jmp","36",common,Lands,Owned,,false,,,"U - Ninjas","",81819
"Thriving Isle",0,"Land",,"jmp","36",common,Lands,Owned,,false,,,"WUG - Scooby Doo","",81819
"Thriving Moor",0,"Land",,"jmp","37",common,Lands,Owned,,false,,,"B - Witchcraft","",81821
"Thriving Moor",0,"Land",,"jmp","37",common,Lands,Owned,,false,,,"B - Skeletons","",81821
"Tranquil Thicket",0,"Land",G,"cmd","292",common,Lands,Owned,Non-foil,false,,,"G - Bears","",40683
"Tranquil Thicket",0,"Land",G,"cmd","292",common,Lands,Owned,Non-foil,false,,,"G - Walls","",40683
"Urza's Factory",0,"Land - Urza's",,"tsr","288",uncommon,Lands,Owned,,false,,,"C - Urza's","",86951
"Urza's Mine",0,"Land - Urza's Mine",,"chr","114b",uncommon,Lands,Owned,,false,,,"C - Urza's","",
"Urza's Mine",0,"Land - Urza's Mine",,"chr","114b",uncommon,Lands,Owned,,false,,,"C - Urza's","",
"Urza's Power Plant",0,"Land - Urza's Power-Plant",,"chr","115a",uncommon,Lands,Owned,,false,,,"C - Urza's","",
"Urza's Power Plant",0,"Land - Urza's Power-Plant",,"chr","115a",uncommon,Lands,Owned,,false,,,"C - Urza's","",
"Urza's Tower",0,"Land - Urza's Tower",,"chr","116d",uncommon,Lands,Owned,,false,,,"C - Urza's","",
"Urza's Tower",0,"Land - Urza's Tower",,"chr","116d",uncommon,Lands,Owned,,false,,,"C - Urza's","",
"Urza's Tower",0,"Land - Urza's Tower",,"chr","116d",uncommon,Lands,Owned,,false,,,"C - Urza's","",
"Vivid Crag",0,"Land",,"lrw","275",uncommon,Lands,Owned,,false,,,"UR - Bisexual","",28521
"Vivid Creek",0,"Land",,"lrw","276",uncommon,Lands,Owned,,false,,,"UR - Bisexual","",28519
"Witch's Cottage",0,"Land - Swamp",B,"eld","249",common,Lands,Owned,Non-foil,false,,,"B - Witchcraft","",78644
"Experimental Synthesizer",1,"Artifact",R,"neo","138",common,Red,Owned,Non-foil,true,,,"UR - High-Tech","",97204
"Mechtitan Core",2,"Artifact - Vehicle",,"neo","249",rare,Colorless,Owned,Non-foil,true,,,"UR - High-Tech","",97448
"Twinshot Sniper",4,"Artifact Creature - Goblin Archer",R,"neo","168",uncommon,Red,Owned,Non-foil,true,,,"UR - High-Tech","",97270
"Old Rutstein",3,"Legendary Creature - Human Peasant",BG,"vow","244",rare,Multicolored,Owned,,true,,,"BG - Crawling","",94864
"Grist, the Hunger Tide",3,"Legendary Planeswalker - Grist",BG,"mh2","202",mythic,Multicolored,Owned,,true,,,"BG - Crawling","",90781
"Storage Matrix",3,"Artifact",,"9ed","310",rare,Colorless,Owned,,true,,,"U - Computerized","",22461
"Cloud Key",3,"Artifact",,"tsr","265",rare,Colorless,Owned,,true,,,"U - Computerized","",86905
"Magical Hacker",2,"Creature - Human Gamer",U,"unh","37",uncommon,Blue,Owned,,true,,,"U - Computerized","",
"Desynchronize",5,"Instant",U,"bro","46",common,Blue,Owned,,true,,,"U - Computerized","",104710
"Desynchronization",4,"Instant",U,"acr","16",rare,Blue,Owned,,true,,,"U - Computerized","",127998
"Phyrexian Processor",4,"Artifact",,"dde","29",rare,Colorless,Owned,,true,,,"U - Computerized","",35481
"Thought Monitor",7,"Artifact Creature - Construct",U,"mh2","71",rare,Blue,Owned,,true,,,"U - Computerized","",90515
"Saheeli, the Sun's Brilliance",2,"Legendary Creature - Human Artificer",RU,"lci","239",mythic,Multicolored,Owned,,true,,,"UR - Bisexual","",118318
"Saheeli, Filigree Master",4,"Legendary Planeswalker - Saheeli",RU,"bro","219",mythic,Multicolored,Owned,,true,,,"UR - Bisexual","",105060
"Saheeli Rai",3,"Legendary Planeswalker - Saheeli",RU,"kld","186",mythic,Multicolored,Owned,,true,,,"UR - Bisexual","",61597
"Chandra, Legacy of Fire",5,"Legendary Planeswalker - Chandra",R,"cmm","735",rare,Red,Owned,,true,,,"UR - Bisexual","",114501
"Enter the Unknown",1,"Sorcery",G,"rix","128",uncommon,Green,Owned,Non-foil,true,,,"G - Explorers","",66709
"Path of Discovery",4,"Enchantment",G,"rix","142",rare,Green,Owned,Non-foil,true,,,"G - Explorers","",66737
"Emperor's Vanguard",4,"Creature - Human Scout",G,"xln","189",rare,Green,Owned,Non-foil,true,,,"G - Explorers","",65396
"Sharp-Eyed Rookie",2,"Creature - Human Detective",G,"mkm","176",rare,Green,Owned,,true,,,"WUG - Scooby Doo","",121828
"Investigator's Journal",2,"Artifact - Clue",,"cmm","956",rare,Colorless,Owned,,true,,,"WUG - Scooby Doo","",114253
"Eager Trufflesnout",3,"Creature - Boar",G,"fdn","102",uncommon,Green,Owned,,true,,,"G - Cute","",133772
"Jade Mage",2,"Creature - Human Shaman",G,"c13","151",uncommon,Green,Owned,,true,,,"G - Cute","",51130
"Short Bow",2,"Artifact - Equipment",,"blb","248",uncommon,Colorless,Owned,,true,,,"G - Cute","",129741
"Ferocious Pup",3,"Creature - Wolf",G,"m20","171",common,Green,Owned,,true,,,"G - Cute","",73241
"Blossom Prancer",5,"Creature - Spirit",G,"neo","175",uncommon,Green,Owned,,true,,,"G - Cute","",97286
"Fervent Champion",1,"Creature - Human Knight",R,"eld","124",rare,Red,Owned,,true,,,"R - Flaming","",78374
