"name","Type","Color","manacost","maybeboard","tags"
"Kami of False Hope","Creature - Spirit","W","{W}","false","Spirited Journey"
"Mikaeus, the Lunarch","Legendary Creature - Human Cleric","W","{X}{W}","false","Mysterious Spirits"
"Mother of Runes","Creature - Human Cleric","W","{W}","false","Party Gathering"
"Sacred Cat","Creature - Cat","W","{W}","false","Cat Guardians"
"Thraben Inspector","Creature - Human Soldier","W","{W}","false","Mysterious Spirits"
"Adanto Vanguard","Creature - Vampire Soldier","W","{1}{W}","false","Dusk Vampires"
"Ajani's Pridemate","Creature - Cat Soldier","W","","false","Cat Guardians"
"Cathar Commando","Creature - Human Soldier","W","{1}{W}","false","Righteous Cathars"
"Charming Prince","Creature - Human Noble","W","{1}{W}","false","Angelic Saviors"
"Crashing Drawbridge","Artifact Creature - Wall","W","{2}","false","War Machines"
"Dawnbringer Cleric","Creature - Human Cleric","W","{1}{W}","false","Angelic Saviors"
"Distinguished Conjurer","Creature - Human Wizard","W","{1}{W}","false","Hazy Visions"
"Fleeting Spirit","Creature - Spirit","W","{1}{W}","false","Mysterious Spirits"
"Giada, Font of Hope","Legendary Creature - Angel","W","{1}{W}","false","Angelic Saviors"
"Lion Sash","Artifact Creature - Equipment Cat","W","{1}{W}","false","Cat Guardians"
"Luminarch Aspirant","Creature - Human Cleric","W","{1}{W}","false","Righteous Cathars"
"Martyr of Dusk","Creature - Vampire Soldier","W","{1}{W}","false","Dusk Vampires"
"Mina Harker","Legendary Creature - Human Soldier","W","","false","Righteous Cathars"
"Remorseful Cleric","Creature - Spirit Cleric","W","{1}{W}","false","Mysterious Spirits"
"Rescuer Chwinga","Creature - Elemental Spirit","W","{1}{W}","false","Spirited Journey"
"Selfless Samurai","Creature - Fox Samurai","W","{1}{W}","false","Spirited Journey"
"Selfless Spirit","Creature - Spirit Cleric","W","{1}{W}","false","Mysterious Spirits"
"Spirited Companion","Enchantment Creature - Dog","W","{1}{W}","false","Spirited Journey"
"Splitskin Doll","Artifact Creature - Toy","W","{1}{W}","false","Hazy Visions"
"Stonework Packbeast","Artifact Creature - Beast","W","{2}","false","Party Gathering"
"Sungold Sentinel","Creature - Human Soldier","W","{1}{W}","false","Righteous Cathars"
"Thalia's Lieutenant","Creature - Human Soldier","W","{1}{W}","false","Righteous Cathars"
"Wall of Omens","Creature - Wall","W","{1}{W}","false","Hazy Visions"
"Youthful Valkyrie","Creature - Angel","W","{1}{W}","false","Angelic Saviors"
"Adeline, Resplendent Cathar","Legendary Creature - Human Knight","W","{1}{W}{W}","false","Righteous Cathars"
"Bereaved Survivor","Creature - Human Peasant","W","{2}{W}","false","Righteous Cathars"
"Blade Splicer","Creature - Phyrexian Human Artificer","W","{2}{W}","false","War Machines"
"Bygone Bishop","Creature - Spirit Cleric","W","{2}{W}","false","Mysterious Spirits"
"Combat Thresher","Artifact Creature - Construct","W","{7}","false","War Machines"
"Elenda's Hierophant","Creature - Vampire Cleric","W","{2}{W}","false","Dusk Vampires"
"Flickerwisp","Creature - Elemental","W","{1}{W}{W}","false","Hazy Visions"
"Guardian of Ghirapur","Creature - Angel","W","{2}{W}","false","Angelic Saviors"
"Harper Recruiter","Creature - Human Warrior","W","{2}{W}","false","Party Gathering"
"Inspiring Overseer","Creature - Angel Cleric","W","{2}{W}","false","Angelic Saviors"
"Jackdaw Savior","Creature - Bird Cleric","W","{2}{W}","false","Hazy Visions"
"Kaheera, the Orphanguard","Legendary Creature - Cat Beast","W","{1}{G/W}{G/W}","false","Cat Guardians"
"King of the Pride","Creature - Cat","W","{2}{W}","false","Cat Guardians"
"Lae'zel, Vlaakith's Champion","Legendary Creature - Gith Warrior","W","{2}{W}","false","Party Gathering"
"Losheel, Clockwork Scholar","Legendary Creature - Elephant Artificer","W","{2}{W}","false","War Machines"
"Lurrus of the Dream-Den","Legendary Creature - Cat Nightmare","W","{1}{W/B}{W/B}","false","Spirited Journey"
"Mavren Fein, Dusk Apostle","Legendary Creature - Vampire Cleric","W","{2}{W}","false","Dusk Vampires"
"Mentor of the Meek","Creature - Human Soldier","W","{2}{W}","false","Righteous Cathars"
"Mirror Entity","Creature - Shapeshifter","W","{2}{W}","false","Hazy Visions"
"Nalia de'Arnise","Legendary Creature - Human Rogue","W","{1}{W}{B}","false","Party Gathering"
"Priest of Ancient Lore","Creature - Dwarf Cleric","W","{2}{W}","false","Party Gathering"
"Priest of the Blessed Graf","Creature - Human Cleric","W","{2}{W}","false","Mysterious Spirits"
"Stalking Leonin","Creature - Cat Archer","W","{2}{W}","false","Cat Guardians"
"Steel Seraph","Artifact Creature - Angel","W","{6}","false","War Machines"
"Thalia, Heretic Cathar","Legendary Creature - Human Soldier","W","{2}{W}","false","Righteous Cathars"
"Vesperlark","Creature - Elemental","W","{2}{W}","false","Hazy Visions"
"Welcoming Vampire","Creature - Vampire","W","{2}{W}","false","Dusk Vampires"
"Bishop of Binding","Creature - Vampire Cleric","W","{3}{W}","false","Dusk Vampires"
"Burakos, Party Leader","Legendary Creature - Orc","W","{3}{B}","false","Party Gathering"
"Cemetery Protector","Creature - Human Soldier","W","{2}{W}{W}","false","Righteous Cathars"
"Drogskol Reinforcements","Creature - Spirit Soldier","W","{3}{W}","false","Mysterious Spirits"
"Elenda, the Dusk Rose","Legendary Creature - Vampire Knight","W","{2}{W}{B}","false","Dusk Vampires"
"Emiel the Blessed","Legendary Creature - Unicorn","W","{2}{W}{W}","false","Hazy Visions"
"Jazal Goldmane","Legendary Creature - Cat Warrior","W","{2}{W}{W}","false","Cat Guardians"
"Kyodai, Soul of Kamigawa","Legendary Creature - Dragon Spirit","W","{3}{W}","false","Spirited Journey"
"Leonin Warleader","Creature - Cat Soldier","W","{2}{W}{W}","false","Cat Guardians"
"Master Splicer","Creature - Phyrexian Human Artificer","W","{3}{W}","false","War Machines"
"Preston, the Vanisher","Legendary Creature - Rabbit Wizard","W","{3}{W}","false","Hazy Visions"
"Restoration Angel","Creature - Angel","W","{3}{W}","false","Angelic Saviors"
"Ao, the Dawn Sky","Legendary Creature - Dragon Spirit","W","{3}{W}{W}","false","Spirited Journey"
"Bishop of Rebirth","Creature - Vampire Cleric","W","{3}{W}{W}","false","Dusk Vampires"
"Bronze Guardian","Artifact Creature - Golem","W","{4}{W}","false","War Machines"
"Celestine, the Living Saint","Legendary Creature - Human Warrior","W","{4}{W}","false","Angelic Saviors"
"Geist-Honored Monk","Creature - Human Monk","W","{3}{W}{W}","false","Mysterious Spirits"
"Precursor Golem","Artifact Creature - Golem","W","{5}","false","War Machines"
"Regal Caracal","Creature - Cat","W","{3}{W}{W}","false","Cat Guardians"
"Reveillark","Creature - Elemental","W","{4}{W}","false","Hazy Visions"
"Victory's Envoy","Creature - Human Cleric","W","{3}{W}{W}","false","Party Gathering"
"Sun Titan","Creature - Giant","W","{4}{W}{W}","false","Righteous Cathars"
"Yosei, the Morning Star","Legendary Creature - Dragon Spirit","W","{4}{W}{W}","false","Spirited Journey"
"Ajani, Strength of the Pride","Legendary Planeswalker - Ajani","W","{2}{W}{W}","false","Cat Guardians"
"Serra the Benevolent","Legendary Planeswalker - Serra","W","{2}{W}{W}","false","Angelic Saviors"
"Blacksmith's Skill","Instant","W","{W}","false","War Machines"
"Ephemerate","Instant","W","{W}","false","Angelic Saviors"
"March of Otherworldly Light","Instant","W","{X}{W}","false","Spirited Journey"
"Swords to Plowshares","Instant","W","{W}","false","Party Gathering"
"Destroy Evil","Instant","W","{1}{W}","false","Angelic Saviors"
"Long Road Home","Instant","W","{1}{W}","false","Hazy Visions"
"Shelter","Instant","W","{1}{W}","false","War Machines"
"Thraben Charm","Instant","W","{1}{W}","false","Righteous Cathars"
"Valorous Stance","Instant","W","{1}{W}","false","War Machines"
"Swallow Whole","Sorcery","W","{W}","false","Cat Guardians"
"Cleansing Nova","Sorcery","W","{3}{W}{W}","false","Angelic Saviors"
"Stick Together","Sorcery","W","{3}{W}{W}","false","Party Gathering"
"Orzhov Signet","Artifact","W","{2}","false","Party Gathering"
"Prized Statue","Artifact","W","{2}","false","Spirited Journey"
"Talisman of Hierarchy","Artifact","W","{2}","false","Dusk Vampires"
"Maskwood Nexus","Artifact","W","{4}","false","Party Gathering"
"Ajani's Welcome","Enchantment","W","{W}","false","Cat Guardians"
"Legion's Landing","Legendary Enchantment","W","{W}","false","Dusk Vampires"
"Soul Snare","Enchantment","W","{W}","false","Dusk Vampires"
"Journey to Nowhere","Enchantment","W","{1}{W}","false","Spirited Journey"
"Rally the Ranks","Enchantment","W","{1}{W}","false","Dusk Vampires"
"Seal of Cleansing","Enchantment","W","{1}{W}","false","Spirited Journey"
"Banishing Light","Enchantment","W","{2}{W}","false","Mysterious Spirits"
"Thorough Investigation","Enchantment","W","{2}{W}","false","Mysterious Spirits"
"Touch the Spirit Realm","Enchantment","W","{2}{W}","false","Hazy Visions"
"Search the Premises","Enchantment","W","{3}{W}","false","Mysterious Spirits"
"Teleportation Circle","Enchantment","W","{3}{W}","false","War Machines"
"Faerie Seer","Creature - Faerie Wizard","U","{U}","false","Tempting Wizards"
"Gingerbrute","Artifact Creature - Food Golem","U","{1}","false","The Dollhouse"
"Mausoleum Wanderer","Creature - Spirit","U","{U}","false","Ghostly Spirits"
"Siren Stormtamer","Creature - Siren Pirate Wizard","U","{U}","false","Looting Pirates"
"Spectral Sailor","Creature - Spirit Pirate","U","{U}","false","Looting Pirates"
"Thousand-Faced Shadow","Creature - Human Ninja","U","{U}","false","Key Ninjas"
"Arcane Investigator","Creature - Elf Wizard","U","{1}{U}","false","Rolling Path"
"Ghostly Pilferer","Creature - Spirit Rogue","U","{1}{U}","false","Key Ninjas"
"Jacob Hauken, Inspector","Legendary Creature - Human Advisor","U","{1}{U}","false","Mysterious Shores"
"Malcolm, Alluring Scoundrel","Legendary Creature - Siren Pirate","U","{1}{U}","false","Looting Pirates"
"Marvin, Murderous Mimic","Legendary Artifact Creature - Toy","U","{2}","false","The Dollhouse"
"Merfolk Pupil","Creature - Merfolk Wizard","U","{1}{U}","false","Tempting Wizards"
"Mindshrieker","Creature - Spirit Bird","U","{1}{U}","false","Ghostly Spirits"
"Mischievous Catgeist","Creature - Cat Spirit","U","{1}{U}","false","Ghostly Spirits"
"Naban, Dean of Iteration","Legendary Creature - Human Wizard","U","{1}{U}","false","Tempting Wizards"
"Patchwork Crawler","Creature - Zombie Horror","U","{1}{U}","false","Deranged Creations"
"Pixie Guide","Creature - Faerie","U","{1}{U}","false","Rolling Path"
"Rattlechains","Creature - Spirit","U","{1}{U}","false","Ghostly Spirits"
"Rona, Herald of Invasion","Legendary Creature - Human Wizard","U","{1}{U}","false","Deranged Creations"
"Sage of Lat-Nam","Creature - Human Artificer","U","{1}{U}","false","The Dollhouse"
"Silent Hallcreeper","Enchantment Creature - Horror","U","{1}{U}","false","Hazy Dreams"
"Supreme Phantom","Creature - Spirit","U","{1}{U}","false","Ghostly Spirits"
"Syr Ginger, the Meal Ender","Legendary Artifact Creature - Food Knight","U","{2}","false","The Dollhouse"
"Tetsuko Umezawa, Fugitive","Legendary Creature - Human Rogue","U","{1}{U}","false","Key Ninjas"
"Thassa's Oracle","Creature - Merfolk Wizard","U","{U}{U}","false","Hazy Dreams"
"Warkite Marauder","Creature - Human Pirate","U","{1}{U}","false","Looting Pirates"
"Cephalid Facetaker","Creature - Cephalid Rogue","U","{2}{U}","false","Key Ninjas"
"Cloudkin Seer","Creature - Elemental Wizard","U","{2}{U}","false","Tempting Wizards"
"Corsair Captain","Creature - Human Pirate","U","{2}{U}","false","Looting Pirates"
"Draugr Thought-Thief","Creature - Zombie Rogue","U","{2}{U}","false","Deranged Creations"
"Dreamtide Whale","Creature - Whale","U","{2}{U}","false","Mysterious Shores"
"Emry, Lurker of the Loch","Legendary Creature - Merfolk Wizard","U","{2}{U}","false","The Dollhouse"
"Feywild Trickster","Creature - Gnome Warlock","U","{2}{U}","false","Rolling Path"
"Geralf, Visionary Stitcher","Legendary Creature - Human Wizard","U","{2}{U}","false","Deranged Creations"
"Hullbreacher","Creature - Merfolk Pirate","U","{2}{U}","false","Looting Pirates"
"Malcolm, Keen-Eyed Navigator","Legendary Creature - Siren Pirate","U","{2}{U}","false","Looting Pirates"
"Minn, Wily Illusionist","Legendary Creature - Gnome Wizard","U","{1}{U}{U}","false","Hazy Dreams"
"Mist-Syndicate Naga","Creature - Naga Ninja","U","{2}{U}","false","Key Ninjas"
"Nebelgast Herald","Creature - Spirit","U","{2}{U}","false","Ghostly Spirits"
"Overwhelmed Archivist","Creature - Human Wizard","U","{2}{U}","false","Ghostly Spirits"
"Patrician Geist","Creature - Spirit Knight","U","{2}{U}","false","Ghostly Spirits"
"Prosperous Thief","Creature - Human Ninja","U","{2}{U}","false","Key Ninjas"
"Scion of Stygia","Creature - Tiefling Shaman","U","{2}{U}","false","Rolling Path"
"Stitched Assistant","Creature - Zombie","U","{2}{U}","false","Deranged Creations"
"Stitched Mangler","Creature - Zombie Horror","U","{2}{U}","false","Deranged Creations"
"Vendilion Clique","Legendary Creature - Faerie Wizard","U","{1}{U}{U}","false","Tempting Wizards"
"Azure Fleet Admiral","Creature - Human Pirate","U","{3}{U}","false","Looting Pirates"
"Cleaver Skaab","Creature - Zombie Horror","U","{3}{U}","false","Deranged Creations"
"Djinni Windseer","Creature - Djinn","U","{3}{U}","false","Rolling Path"
"Ethereal Investigator","Creature - Spirit","U","{3}{U}","false","Ghostly Spirits"
"Giggling Skitterspike","Artifact Creature - Toy","U","{4}","false","The Dollhouse"
"Hostage Taker","Creature - Human Pirate","U","{2}{U}{B}","false","Looting Pirates"
"Mirrorhall Mimic","Creature - Spirit","U","{3}{U}","false","Ghostly Spirits"
"Ninja of the Deep Hours","Creature - Human Ninja","U","{3}{U}","false","Key Ninjas"
"Oneirophage","Creature - Squid Illusion","U","{3}{U}","false","Hazy Dreams"
"Overcharged Amalgam","Creature - Zombie Horror","U","{2}{U}{U}","false","Deranged Creations"
"Shadow Kin","Creature - Shapeshifter","U","{3}{U}","false","Mysterious Shores"
"Sower of Temptation","Creature - Faerie Wizard","U","{2}{U}{U}","false","Tempting Wizards"
"Thassa, Deep-Dwelling","Legendary Enchantment Creature - God","U","{3}{U}","false","Hazy Dreams"
"Toothy, Imaginary Friend","Legendary Creature - Illusion","U","{3}{U}","false","Hazy Dreams"
"Venser, Shaper Savant","Legendary Creature - Human Wizard","U","{2}{U}{U}","false","Tempting Wizards"
"Archmage of Echoes","Creature - Faerie Wizard","U","{4}{U}","false","Tempting Wizards"
"Creepy Doll","Artifact Creature - Construct","U","{5}","false","The Dollhouse"
"Inniaz, the Gale Force","Legendary Creature - Djinn","U","{3}{U}{U}","false","Ghostly Spirits"
"Keeper of Keys","Creature - Human Rogue Mutant","U","{3}{U}{U}","false","Key Ninjas"
"Lier, Disciple of the Drowned","Legendary Creature - Human Wizard","U","{3}{U}{U}","false","Mysterious Shores"
"Mulldrifter","Creature - Elemental","U","{4}{U}","false","Hazy Dreams"
"Stitcher Geralf","Legendary Creature - Human Wizard","U","{3}{U}{U}","false","Deranged Creations"
"Stuffy Doll","Artifact Creature - Construct","U","{5}","false","The Dollhouse"
"Eligeth, Crossroads Augur","Legendary Creature - Sphinx","U","{4}{U}{U}","false","Rolling Path"
"Ethereal Forager","Creature - Elemental Whale","U","{4}{U}{U}","false","Mysterious Shores"
"Gyruda, Doom of Depths","Legendary Creature - Demon Kraken","U","{4}{U/B}{U/B}","false","Looting Pirates"
"Brainstorm","Instant","U","{U}","false","Hazy Dreams"
"Consider","Instant","U","{U}","false","Deranged Creations"
"Occult Epiphany","Instant","U","{X}{U}","false","Ghostly Spirits"
"Opt","Instant","U","{U}","false","Hazy Dreams"
"Secrets of the Key","Instant","U","{U}","false","Key Ninjas"
"Thought Scour","Instant","U","{U}","false","Mysterious Shores"
"Blink of an Eye","Instant","U","{1}{U}","false","Key Ninjas"
"Compelling Deterrence","Instant","U","{1}{U}","false","Deranged Creations"
"Geistwave","Instant","U","{1}{U}","false","Deranged Creations"
"Mana Leak","Instant","U","{1}{U}","false","Tempting Wizards"
"Memory Lapse","Instant","U","{1}{U}","false","Key Ninjas"
"Snap","Instant","U","{1}{U}","false","Tempting Wizards"
"You Come to a River","Instant","U","{1}{U}","false","Rolling Path"
"Blur","Instant","U","{2}{U}","false","Hazy Dreams"
"Confounding Riddle","Instant","U","{2}{U}","false","Mysterious Shores"
"Exclude","Instant","U","{2}{U}","false","Tempting Wizards"
"Contact Other Plane","Instant","U","{3}{U}","false","Rolling Path"
"Fact or Fiction","Instant","U","{3}{U}","false","Mysterious Shores"
"Hard Evidence","Sorcery","U","{U}","false","Mysterious Shores"
"Preordain","Sorcery","U","{U}","false","Tempting Wizards"
"Chart a Course","Sorcery","U","{1}{U}","false","Looting Pirates"
"Split the Party","Sorcery","U","{3}{U}{U}","false","Rolling Path"
"Treasure Cruise","Sorcery","U","{7}{U}","false","Mysterious Shores"
"Aether Spellbomb","Artifact","U","{1}","false","The Dollhouse"
"Ebony Fly","Artifact","U","{2}","false","Rolling Path"
"Key to the City","Artifact","U","{2}","false","Key Ninjas"
"Sword of Hours","Artifact - Equipment","U","{2}","false","Rolling Path"
"Dollhouse of Horrors","Artifact","U","{5}","false","The Dollhouse"
"Seal of Removal","Enchantment","U","{U}","false","Hazy Dreams"
"Unable to Scream","Enchantment - Aura","U","{U}","false","The Dollhouse"
"Ominous Seas","Enchantment","U","{1}{U}","false","Mysterious Shores"
"Scuttletide","Enchantment","U","{1}{U}","false","Mysterious Shores"
"Imprisoned in the Moon","Enchantment - Aura","U","{2}{U}","false","Hazy Dreams"
"Coastal Piracy","Enchantment","U","{2}{U}{U}","false","Looting Pirates"
"Grafted Identity","Enchantment - Aura","U","{2}{U}{U}","false","The Dollhouse"
"Netherese Puzzle-Ward","Enchantment","U","{3}{U}","false","Rolling Path"
"Carrion Feeder","Creature - Zombie","B","{B}","false","Doombringers"
"Changeling Outcast","Creature - Shapeshifter","B","{B}","false","Ink Ninjas"
"Forsworn Paladin","Creature - Human Knight","B","{B}","false","Undercity Syndicate"
"Gravecrawler","Creature - Zombie","B","{B}","false","Endless Zombies"
"Shambling Ghast","Creature - Zombie","B","{B}","false","Endless Zombies"
"Signal Pest","Artifact Creature - Pest","B","{1}","false","Aetherborn Artificers"
"Tormented Soul","Creature - Spirit","B","{B}","false","Ink Ninjas"
"Apprentice Necromancer","Creature - Zombie Wizard","B","{1}{B}","false","Endless Zombies"
"Blightsoil Druid","Creature - Elf Druid","B","{1}{B}","false","Blight Elves"
"Blood Artist","Creature - Vampire","B","{1}{B}","false","Death Vampires"
"Clattering Augur","Creature - Skeleton Shaman","B","{1}{B}","false","Undercity Syndicate"
"Dokuchi Silencer","Creature - Human Ninja","B","{1}{B}","false","Ink Ninjas"
"Grafted Butcher","Creature - Phyrexian Samurai","B","{1}{B}","false","Doombringers"
"Marionette Apprentice","Creature - Human Artificer","B","{1}{B}","false","Aetherborn Artificers"
"Miara, Thorn of the Glade","Legendary Creature - Elf Scout","B","{1}{B}","false","Blight Elves"
"Nezumi Prowler","Artifact Creature - Rat Ninja","B","{1}{B}","false","Ink Ninjas"
"Nullpriest of Oblivion","Creature - Vampire Cleric","B","{1}{B}","false","Death Vampires"
"Oona's Blackguard","Creature - Faerie Rogue","B","{1}{B}","false","Oona's Weirding"
"Oona's Prowler","Creature - Faerie Rogue","B","{1}{B}","false","Oona's Weirding"
"Priest of Forgotten Gods","Creature - Human Cleric","B","{1}{B}","false","Undercity Syndicate"
"Putrid Goblin","Creature - Zombie Goblin","B","{1}{B}","false","Oona's Weirding"
"Reassembling Skeleton","Creature - Skeleton Warrior","B","{1}{B}","false","Undercity Syndicate"
"Scrapheap Scrounger","Artifact Creature - Construct","B","{2}","false","Aetherborn Artificers"
"Syndicate Trafficker","Creature - Aetherborn Rogue","B","{1}{B}","false","Aetherborn Artificers"
"Tinybones, Trinket Thief","Legendary Creature - Skeleton Rogue","B","{1}{B}","false","Restless Collectors"
"Voldaren Bloodcaster","Creature - Vampire Wizard","B","{1}{B}","false","Death Vampires"
"Weirding Shaman","Creature - Goblin Shaman","B","{1}{B}","false","Oona's Weirding"
"Armix, Filigree Thrasher","Legendary Artifact Creature - Golem","B","{2}{B}","false","Aetherborn Artificers"
"Auntie's Snitch","Creature - Goblin Rogue","B","{2}{B}","false","Oona's Weirding"
"Biting-Palm Ninja","Creature - Human Ninja","B","{2}{B}","false","Ink Ninjas"
"Cunning Lethemancer","Creature - Human Wizard","B","{2}{B}","false","Restless Collectors"
"Death Baron","Creature - Zombie Wizard","B","{1}{B}{B}","false","Endless Zombies"
"Falkenrath Forebear","Creature - Vampire","B","{2}{B}","false","Death Vampires"
"Gluttonous Guest","Creature - Vampire","B","{2}{B}","false","Death Vampires"
"Gurgling Anointer","Creature - Phyrexian Horror","B","{2}{B}","false","Doombringers"
"Headless Rider","Creature - Zombie","B","{2}{B}","false","Endless Zombies"
"Markov Baron","Creature - Vampire Noble","B","{2}{B}","false","Death Vampires"
"Midnight Reaper","Creature - Zombie Knight","B","{2}{B}","false","Endless Zombies"
"Moira, Urborg Haunt","Legendary Creature - Spirit Wizard","B","{2}{B}","false","Undercity Syndicate"
"Nadier's Nightblade","Creature - Elf Warrior","B","{2}{B}","false","Blight Elves"
"Nashi, Moon Sage's Scion","Legendary Creature - Rat Ninja","B","{1}{B}{B}","false","Ink Ninjas"
"Nighthawk Scavenger","Creature - Vampire Rogue","B","{1}{B}{B}","false","Death Vampires"
"Phyrexian Rager","Creature - Phyrexian Horror","B","{2}{B}","false","Doombringers"
"Plaguecrafter","Creature - Human Shaman","B","{2}{B}","false","Doombringers"
"Satoru Umezawa","Legendary Creature - Human Ninja","B","{1}{U}{B}","false","Ink Ninjas"
"Shakedown Heavy","Creature - Ogre Warrior","B","{2}{B}","false","Undercity Syndicate"
"Skullport Merchant","Creature - Dwarf Citizen","B","{2}{B}","false","Undercity Syndicate"
"Undead Gladiator","Creature - Zombie Barbarian","B","{1}{B}{B}","false","Restless Collectors"
"Undercity Scrounger","Artifact Creature - Human Rogue","B","{2}{B}","false","Aetherborn Artificers"
"Urborg Scavengers","Creature - Spirit","B","{2}{B}","false","Restless Collectors"
"Venomous Changeling","Creature - Shapeshifter","B","{2}{B}","false","Oona's Weirding"
"Weaponcraft Enthusiast","Creature - Aetherborn Artificer","B","{2}{B}","false","Aetherborn Artificers"
"Yahenni, Undying Partisan","Legendary Creature - Aetherborn Vampire","B","{2}{B}","false","Aetherborn Artificers"
"Falkenrath Noble","Creature - Vampire Noble","B","{3}{B}","false","Death Vampires"
"Gixian Puppeteer","Creature - Phyrexian Warlock","B","{3}{B}","false","Doombringers"
"Gonti, Lord of Luxury","Legendary Creature - Aetherborn Rogue","B","{2}{B}{B}","false","Aetherborn Artificers"
"Grim Hireling","Creature - Tiefling Rogue","B","{3}{B}","false","Undercity Syndicate"
"Henrika Domnathi","Legendary Creature - Vampire","B","{2}{B}{B}","false","Death Vampires"
"Kels, Fight Fixer","Legendary Creature - Azra Warlock","B","{2}{B}{B}","false","Undercity Syndicate"
"Lathril, Blade of the Elves","Legendary Creature - Elf Noble","B","{2}{B}{G}","false","Blight Elves"
"Liliana's Reaver","Creature - Zombie","B","{2}{B}{B}","false","Endless Zombies"
"Marsh Flitter","Creature - Faerie Rogue","B","{3}{B}","false","Oona's Weirding"
"Nightshade Harvester","Creature - Elf Shaman","B","{3}{B}","false","Blight Elves"
"Rankle, Master of Pranks","Legendary Creature - Faerie Rogue","B","{2}{B}{B}","false","Oona's Weirding"
"Ruthless Technomancer","Creature - Human Wizard","B","{3}{B}","false","Undercity Syndicate"
"Terror of Towashi","Creature - Phyrexian Ogre","B","{2}{B}{B}","false","Doombringers"
"Vindictive Lich","Creature - Zombie Wizard","B","{3}{B}","false","Restless Collectors"
"Bone Miser","Creature - Zombie Wizard","B","{4}{B}","false","Restless Collectors"
"Custodi Lich","Creature - Zombie Cleric","B","{3}{B}{B}","false","Endless Zombies"
"Eyeblight Cullers","Creature - Elf Warrior","B","{4}{B}","false","Blight Elves"
"Fallen Shinobi","Creature - Zombie Ninja","B","{3}{U}{B}","false","Ink Ninjas"
"Ruthless Winnower","Creature - Elf Rogue","B","{3}{B}{B}","false","Blight Elves"
"Ink-Eyes, Servant of Oni","Legendary Creature - Rat Ninja","B","{4}{B}{B}","false","Ink Ninjas"
"Marionette Master","Creature - Human Artificer","B","{4}{B}{B}","false","Aetherborn Artificers"
"Nadier, Agent of the Duskenel","Legendary Creature - Elf Warrior","B","{5}{B}","false","Blight Elves"
"Oona, Queen of the Fae","Legendary Creature - Faerie Wizard","B","{3}{U/B}{U/B}{U/B}","false","Oona's Weirding"
"Rodolf Duskbringer","Legendary Creature - Vampire Angel","B","{5}{B}","false","Death Vampires"
"Liliana, Death's Majesty","Legendary Planeswalker - Liliana","B","{3}{B}{B}","false","Endless Zombies"
"Lolth, Spider Queen","Legendary Planeswalker - Lolth","B","{3}{B}{B}","false","Doombringers"
"Cut Down","Instant","B","{B}","false","Ink Ninjas"
"Village Rites","Instant","B","{B}","false","Death Vampires"
"Deadly Dispute","Instant","B","{1}{B}","false","Undercity Syndicate"
"Infernal Grasp","Instant","B","{1}{B}","false","Aetherborn Artificers"
"Blot Out","Instant","B","{2}{B}","false","Ink Ninjas"
"Dismember","Instant","B","{1}{B/P}{B/P}","false","Doombringers"
"Eyeblight's Ending","Tribal Instant - Elf","B","{2}{B}","false","Blight Elves"
"Deadly Plot","Instant","B","{3}{B}","false","Endless Zombies"
"Bloodchief's Thirst","Sorcery","B","{B}","false","Death Vampires"
"Bone Shards","Sorcery","B","{B}","false","Undercity Syndicate"
"Raven's Crime","Sorcery","B","{B}","false","Restless Collectors"
"Thoughtseize","Sorcery","B","{B}","false","Doombringers"
"Unearth","Sorcery","B","{B}","false","Restless Collectors"
"Collective Brutality","Sorcery","B","{1}{B}","false","Restless Collectors"
"Feed the Swarm","Sorcery","B","{1}{B}","false","Oona's Weirding"
"Pilfer","Sorcery","B","{1}{B}","false","Restless Collectors"
"Warren Weirding","Tribal Sorcery - Goblin","B","{1}{B}","false","Oona's Weirding"
"Ichor Slick","Sorcery","B","{2}{B}","false","Restless Collectors"
"Parting Thoughts","Sorcery","B","{2}{B}","false","Endless Zombies"
"Read the Bones","Sorcery","B","{2}{B}","false","Oona's Weirding"
"Crippling Fear","Sorcery","B","{2}{B}{B}","false","Blight Elves"
"Damnation","Sorcery","B","{2}{B}{B}","false","Doombringers"
"Dimir Signet","Artifact","B","{2}","false","Ink Ninjas"
"Talisman of Resilience","Artifact","B","{2}","false","Blight Elves"
"Coalition Relic","Artifact","B","{3}","false","Blight Elves"
"Nettlecyst","Artifact - Equipment","B","{3}","false","Aetherborn Artificers"
"Phyrexian Reclamation","Enchantment","B","{B}","false","Doombringers"
"Oversold Cemetery","Enchantment","B","{1}{B}","false","Endless Zombies"
"Waste Not","Enchantment","B","{1}{B}","false","Restless Collectors"
"Bomat Courier","Artifact Creature - Construct","R","{1}","false","Scrap Artificers"
"Falkenrath Gorger","Creature - Vampire Berserker","R","{R}","false","Blood Vampires"
"Ardoz, Cobbler of War","Legendary Creature - Goblin Shaman","R","{1}{R}","false","Reckless Goblins"
"Blood Petal Celebrant","Creature - Vampire","R","{1}{R}","false","Blood Vampires"
"Conspiracy Theorist","Creature - Human Shaman","R","{1}{R}","false","Expressionists"
"Dire Fleet Daredevil","Creature - Human Pirate","R","{1}{R}","false","Thrilling Pirates"
"Goblin Cratermaker","Creature - Goblin Warrior","R","{1}{R}","false","Reckless Goblins"
"Harmonic Prodigy","Creature - Human Wizard","R","{1}{R}","false","Wild Chances"
"Juri, Master of the Revue","Legendary Creature - Human Shaman","R","{B}{R}","false","Havoc Makers"
"Kari Zev, Skyship Raider","Legendary Creature - Human Pirate","R","{1}{R}","false","Thrilling Pirates"
"Krark, the Thumbless","Legendary Creature - Goblin Wizard","R","{1}{R}","false","Wild Chances"
"Mogg War Marshal","Creature - Goblin Warrior","R","{1}{R}","false","Reckless Goblins"
"Myr Retriever","Artifact Creature - Myr","R","{2}","false","Scrap Artificers"
"Plargg, Dean of Chaos","Legendary Creature - Orc Shaman","R","{1}{R}","false","Wild Chances"
"Riveteers Requisitioner","Creature - Viashino Rogue","R","{1}{R}","false","Havoc Makers"
"Steel Overseer","Artifact Creature - Construct","R","{2}","false","Scrap Artificers"
"Torch Fiend","Creature - Devil","R","{1}{R}","false","Burning Devils"
"Torrent Sculptor","Creature - Merfolk Wizard","R","{2}{U}{U}","false","Expressionists"
"Vault Robber","Creature - Dwarf Rogue","R","{1}{R}","false","Vengeful Dragons"
"Vengeful Devil","Creature - Devil","R","{1}{R}","false","Burning Devils"
"Belligerent Guest","Creature - Vampire","R","{2}{R}","false","Blood Vampires"
"Bothersome Quasit","Creature - Demon","R","{2}{R}","false","Vengeful Dragons"
"Breeches, Eager Pillager","Legendary Creature - Goblin Pirate","R","{2}{R}","false","Thrilling Pirates"
"Captain Lannery Storm","Legendary Creature - Human Pirate","R","{2}{R}","false","Thrilling Pirates"
"Carnage Interpreter","Creature - Devil Detective","R","{1}{B/R}{B/R}","false","Havoc Makers"
"Circuit Mender","Artifact Creature - Insect","R","{3}","false","Scrap Artificers"
"Feldon of the Third Path","Legendary Creature - Human Artificer","R","{1}{R}{R}","false","Scrap Artificers"
"Gadrak, the Crown-Scourge","Legendary Creature - Dragon","R","{2}{R}","false","Vengeful Dragons"
"Guttersnipe","Creature - Goblin Shaman","R","{2}{R}","false","Expressionists"
"Irencrag Pyromancer","Creature - Human Wizard","R","{2}{R}","false","Expressionists"
"Krenko, Tin Street Kingpin","Legendary Creature - Goblin","R","{2}{R}","false","Reckless Goblins"
"Laelia, the Blade Reforged","Legendary Creature - Spirit Warrior","R","{2}{R}","false","Vengeful Dragons"
"Mayhem Devil","Creature - Devil","R","{1}{B}{R}","false","Havoc Makers"
"Mishra, Excavation Prodigy","Legendary Creature - Human Artificer","R","{2}{R}","false","Scrap Artificers"
"Pain Distributor","Creature - Devil Citizen","R","{2}{R}","false","Havoc Makers"
"Pashalik Mons","Legendary Creature - Goblin Warrior","R","{2}{R}","false","Reckless Goblins"
"Professional Face-Breaker","Creature - Human Warrior","R","{2}{R}","false","Havoc Makers"
"Rummaging Goblin","Creature - Goblin Rogue","R","{2}{R}","false","Reckless Goblins"
"Scion of Opulence","Creature - Vampire Noble","R","{2}{R}","false","Blood Vampires"
"Scrap Trawler","Artifact Creature - Construct","R","{3}","false","Scrap Artificers"
"Spiteful Prankster","Creature - Devil","R","{2}{R}","false","Burning Devils"
"Squee, Goblin Nabob","Legendary Creature - Goblin","R","{2}{R}","false","Reckless Goblins"
"Swashbuckler Extraordinaire","Creature - Dragon Rogue Warrior","R","{2}{R}","false","Vengeful Dragons"
"Taurean Mauler","Creature - Shapeshifter","R","{2}{R}","false","Wild Chances"
"Zurzoth, Chaos Rider","Legendary Creature - Devil","R","{2}{R}","false","Burning Devils"
"Anje, Maid of Dishonor","Legendary Creature - Vampire","R","{2}{B}{R}","false","Blood Vampires"
"Atsushi, the Blazing Sky","Legendary Creature - Dragon Spirit","R","{2}{R}{R}","false","Vengeful Dragons"
"Breeches, Brazen Plunderer","Legendary Creature - Goblin Pirate","R","{3}{R}","false","Thrilling Pirates"
"Delina, Wild Mage","Legendary Creature - Elf Shaman","R","{3}{R}","false","Wild Chances"
"Efreet Flamepainter","Creature - Efreet Shaman","R","{3}{R}","false","Expressionists"
"Jaxis, the Troublemaker","Legendary Creature - Human Warrior","R","{3}{R}","false","Havoc Makers"
"Murderous Redcap","Creature - Goblin Assassin","R","{2}{B/R}{B/R}","false","Reckless Goblins"
"Storm-Kiln Artist","Creature - Dwarf Shaman","R","{3}{R}","false","Expressionists"
"Treasure Keeper","Artifact Creature - Construct","R","{4}","false","Scrap Artificers"
"Vengeful Ancestor","Creature - Spirit Dragon","R","{2}{R}{R}","false","Vengeful Dragons"
"Wildfire Devils","Creature - Devil","R","{3}{R}","false","Burning Devils"
"Baeloth Barrityl, Entertainer","Legendary Creature - Elf Shaman","R","{4}{R}","false","Vengeful Dragons"
"Coercive Recruiter","Creature - Orc Pirate","R","{4}{R}","false","Thrilling Pirates"
"Falkenrath Celebrants","Creature - Vampire","R","{4}{R}","false","Blood Vampires"
"Havoc Jester","Creature - Devil","R","{4}{R}","false","Havoc Makers"
"Knight Rampager","Artifact Creature - Knight","R","{4}{R}","false","Scrap Artificers"
"Mizzix, Replica Rider","Legendary Creature - Goblin Wizard","R","{4}{R}","false","Expressionists"
"Siege-Gang Commander","Creature - Goblin","R","{3}{R}{R}","false","Reckless Goblins"
"Uvilda, Dean of Perfection","Legendary Creature - Djinn Wizard","R","{2}{U}","false","Expressionists"
"Wrathful Red Dragon","Creature - Dragon","R","{3}{R}{R}","false","Vengeful Dragons"
"Aurora Phoenix","Creature - Phoenix","R","{4}{R}{R}","false","Wild Chances"
"Combustible Gearhulk","Artifact Creature - Construct","R","{4}{R}{R}","false","Scrap Artificers"
"Olivia, Crimson Bride","Legendary Creature - Vampire Noble","R","{4}{B}{R}","false","Blood Vampires"
"Zariel, Archduke of Avernus","Legendary Planeswalker - Zariel","R","{2}{R}{R}","false","Burning Devils"
"Collateral Damage","Instant","R","{R}","false","Thrilling Pirates"
"Lightning Bolt","Instant","R","{R}","false","Expressionists"
"March of Reckless Joy","Instant","R","{X}{R}","false","Vengeful Dragons"
"Play with Fire","Instant","R","{R}","false","Burning Devils"
"Wild Slash","Instant","R","{R}","false","Wild Chances"
"Abrade","Instant","R","{1}{R}","false","Blood Vampires"
"Dragon's Fire","Instant","R","{1}{R}","false","Vengeful Dragons"
"Faithless Salvaging","Instant","R","{1}{R}","false","Expressionists"
"Galvanize","Instant","R","{1}{R}","false","Expressionists"
"Lightning Strike","Instant","R","{1}{R}","false","Wild Chances"
"Scorching Dragonfire","Instant","R","{1}{R}","false","Vengeful Dragons"
"Fiery Cannonade","Instant","R","{2}{R}","false","Thrilling Pirates"
"Flick a Coin","Instant","R","{2}{R}","false","Wild Chances"
"Mysterious Blood Illness","Instant","R","","false","Blood Vampires"
"Risk Factor","Instant","R","{2}{R}","false","Wild Chances"
"Staggershock","Instant","R","{2}{R}","false","Expressionists"
"Big Score","Instant","R","{3}{R}","false","Blood Vampires"
"Burning Inquiry","Sorcery","R","{R}","false","Burning Devils"
"Chain Lightning","Sorcery","R","{R}","false","Havoc Makers"
"Claim the Firstborn","Sorcery","R","{R}","false","Reckless Goblins"
"Faithless Looting","Sorcery","R","{R}","false","Scrap Artificers"
"Strike It Rich","Sorcery","R","{R}","false","Havoc Makers"
"Improvised Weaponry","Sorcery","R","{2}{R}","false","Havoc Makers"
"Light Up the Stage","Sorcery","R","{2}{R}","false","Burning Devils"
"Skewer the Critics","Sorcery","R","{2}{R}","false","Burning Devils"
"Throes of Chaos","Sorcery","R","{3}{R}","false","Wild Chances"
"Burn Down the House","Sorcery","R","{3}{R}{R}","false","Burning Devils"
"Pyrite Spellbomb","Artifact","R","{1}","false","Scrap Artificers"
"Rakdos Signet","Artifact","R","{2}","false","Havoc Makers"
"Smuggler's Copter","Artifact - Vehicle","R","{2}","false","Thrilling Pirates"
"Talisman of Indulgence","Artifact","R","{2}","false","Blood Vampires"
"Sticky Fingers","Enchantment - Aura","R","{R}","false","Burning Devils"
"Goblin Bombardment","Enchantment","R","{1}{R}","false","Reckless Goblins"
"Makeshift Munitions","Enchantment","R","{1}{R}","false","Thrilling Pirates"
"Arterial Alchemy","Enchantment","R","{2}{R}","false","Blood Vampires"
"Daring Piracy","Enchantment","R","{2}{R}","false","Thrilling Pirates"
"Everlasting Torment","Enchantment","R","{2}{B/R}","false","Reckless Goblins"
"Brazen Cannonade","Enchantment","R","{3}{R}","false","Thrilling Pirates"
"Rain of Riches","Enchantment","R","{3}{R}{R}","false","Wild Chances"
"Deathbonnet Sprout","Creature - Fungus","G","{G}","false","Ancient Roots"
"Gilded Goose","Creature - Bird","G","{G}","false","Mysterious Woods"
"Glimmer Bairn","Creature - Ouphe","G","{G}","false","Mysterious Woods"
"Ignoble Hierarch","Creature - Goblin Shaman","G","{G}","false","Prismatic Legends"
"Noble Hierarch","Creature - Human Druid","G","{G}","false","Prismatic Legends"
"Pawpatch Recruit","Creature - Rabbit Warrior","G","{G}","false","Life Cycle"
"Pelt Collector","Creature - Elf Warrior","G","{G}","false","Growing Elves"
"Ravenous Squirrel","Creature - Squirrel","G","{B/G}","false","Hungry Squirrels"
"Willow Geist","Creature - Treefolk Spirit","G","{G}","false","Ancient Roots"
"Bramblewood Paragon","Creature - Elf Warrior","G","{1}{G}","false","Growing Elves"
"Cankerbloom","Creature - Phyrexian Fungus","G","{1}{G}","false","Ancient Roots"
"Drover of the Mighty","Creature - Human Druid","G","{1}{G}","false","Fighting Dinosaurs"
"Guardian Gladewalker","Creature - Shapeshifter","G","{1}{G}","false","Monkey Madness"
"Joiner Adept","Creature - Elf Druid","G","{1}{G}","false","Prismatic Legends"
"Kurbis, Harvest Celebrant","Legendary Creature - Treefolk","G","{X}{G}{G}","false","Ancient Roots"
"Lotus Cobra","Creature - Snake","G","{1}{G}","false","Creeping Pests"
"Masked Vandal","Creature - Shapeshifter","G","{1}{G}","false","Hungry Squirrels"
"Pollenbright Druid","Creature - Elf Druid","G","{1}{G}","false","Growing Elves"
"Prosperous Innkeeper","Creature - Halfling Citizen","G","{1}{G}","false","Mysterious Woods"
"Quirion Beastcaller","Creature - Dryad Warrior","G","{1}{G}","false","Life Cycle"
"Scavenging Ooze","Creature - Ooze","G","{1}{G}","false","Mysterious Woods"
"Squirrel Sovereign","Creature - Squirrel Noble","G","{1}{G}","false","Hungry Squirrels"
"Tender Wildguide","Creature - Possum Druid","G","{1}{G}","false","Life Cycle"
"Wall of Blossoms","Creature - Plant Wall","G","{1}{G}","false","Mysterious Woods"
"Whisperer of the Wilds","Creature - Human Shaman","G","{1}{G}","false","Monkey Madness"
"Wilson, Refined Grizzly","Legendary Creature - Bear Warrior","G","{1}{G}","false","Prismatic Legends"
"Adaptive Sporesinger","Creature - Phyrexian Druid","G","{2}{G}","false","Ancient Roots"
"Blex, Vexing Pest","Legendary Creature - Pest","G","{2}{G}","false","Creeping Pests"
"Chatterfang, Squirrel General","Legendary Creature - Squirrel Warrior","G","{2}{G}","false","Hungry Squirrels"
"Deathgorge Scavenger","Creature - Dinosaur","G","{2}{G}","false","Fighting Dinosaurs"
"Esika, God of the Tree","Legendary Creature - God","G","{1}{G}{G}","false","Prismatic Legends"
"Eternal Witness","Creature - Human Shaman","G","{1}{G}{G}","false","Life Cycle"
"Evolution Sage","Creature - Elf Druid","G","{2}{G}","false","Growing Elves"
"Heronblade Elite","Creature - Human Warrior","G","{2}{G}","false","Monkey Madness"
"Honored Dreyleader","Creature - Squirrel Warrior","G","{2}{G}","false","Hungry Squirrels"
"Imperious Perfect","Creature - Elf Warrior","G","{2}{G}","false","Growing Elves"
"Jewel-Eyed Cobra","Creature - Snake","G","{2}{G}","false","Creeping Pests"
"Kami of Whispered Hopes","Creature - Spirit","G","{2}{G}","false","Ancient Roots"
"Kibo, Uktabi Prince","Legendary Creature - Monkey Noble","G","{2}{G}","false","Monkey Madness"
"Lurking Roper","Creature - Horror","G","{2}{G}","false","Mysterious Woods"
"Marwyn, the Nurturer","Legendary Creature - Elf Druid","G","{2}{G}","false","Growing Elves"
"Rishkar, Peema Renegade","Legendary Creature - Elf Druid","G","{2}{G}","false","Growing Elves"
"Selvala, Heart of the Wilds","Legendary Creature - Elf Scout","G","{1}{G}{G}","false","Fighting Dinosaurs"
"Simian Simulacrum","Artifact Creature - Ape","G","{3}","false","Monkey Madness"
"Tireless Provisioner","Creature - Elf Scout","G","{2}{G}","false","Mysterious Woods"
"Tireless Tracker","Creature - Human Scout","G","{2}{G}","false","Mysterious Woods"
"Tranquil Frillback","Creature - Dinosaur","G","{2}{G}","false","Fighting Dinosaurs"
"Tuskguard Captain","Creature - Human Warrior","G","{2}{G}","false","Monkey Madness"
"Twin-Silk Spider","Creature - Spider","G","{2}{G}","false","Creeping Pests"
"Uktabi Orangutan","Creature - Ape","G","{2}{G}","false","Monkey Madness"
"Yasova Dragonclaw","Legendary Creature - Human Warrior","G","{2}{G}","false","Prismatic Legends"
"Arasta of the Endless Web","Legendary Enchantment Creature - Spider","G","{2}{G}{G}","false","Creeping Pests"
"Bramble Sovereign","Creature - Dryad","G","{2}{G}{G}","false","Life Cycle"
"Dwynen, Gilt-Leaf Daen","Legendary Creature - Elf Warrior","G","{2}{G}{G}","false","Growing Elves"
"Forgotten Ancient","Creature - Elemental","G","{3}{G}","false","Ancient Roots"
"Immaculate Magistrate","Creature - Elf Shaman","G","{3}{G}","false","Growing Elves"
"Kolvori, God of Kinship","Legendary Creature - God","G","{2}{G}{G}","false","Prismatic Legends"
"Neyith of the Dire Hunt","Legendary Creature - Human Warrior","G","{2}{G}{G}","false","Fighting Dinosaurs"
"Ripjaw Raptor","Creature - Dinosaur","G","{2}{G}{G}","false","Fighting Dinosaurs"
"Saryth, the Viper's Fang","Legendary Creature - Human Warlock","G","{2}{G}{G}","false","Creeping Pests"
"Toski, Bearer of Secrets","Legendary Creature - Squirrel","G","{3}{G}","false","Hungry Squirrels"
"Towering Gibbon","Creature - Ape","G","{3}{G}","false","Monkey Madness"
"Vengevine","Creature - Elemental","G","{2}{G}{G}","false","Life Cycle"
"Deep Forest Hermit","Creature - Elf Druid","G","{3}{G}{G}","false","Hungry Squirrels"
"Genesis","Creature - Incarnation","G","{4}{G}","false","Life Cycle"
"Ishkanah, Grafwidow","Legendary Creature - Spider","G","{4}{G}","false","Creeping Pests"
"Jegantha, the Wellspring","Legendary Creature - Elemental Elk","G","{4}{R/G}","false","Prismatic Legends"
"Jodah, the Unifier","Legendary Creature - Human Wizard","G","{W}{U}{B}{R}{G}","false","Prismatic Legends"
"Sapling of Colfenor","Legendary Creature - Treefolk Shaman","G","{3}{B/G}{B/G}","false","Mysterious Woods"
"Yedora, Grave Gardener","Legendary Creature - Treefolk Druid","G","{4}{G}","false","Ancient Roots"
"Kodama of the East Tree","Legendary Creature - Spirit","G","{4}{G}{G}","false","Prismatic Legends"
"Kogla, the Titan Ape","Legendary Creature - Ape","G","{3}{G}{G}{G}","false","Monkey Madness"
"Multani, Yavimaya's Avatar","Legendary Creature - Elemental Avatar","G","{4}{G}{G}","false","Ancient Roots"
"Nut Collector","Creature - Human Druid","G","{5}{G}","false","Hungry Squirrels"
"Soul of the Harvest","Creature - Elemental","G","{4}{G}{G}","false","Life Cycle"
"Wolverine Riders","Creature - Elf Warrior","G","{4}{G}{G}","false","Growing Elves"
"Ghalta, Primal Hunger","Legendary Creature - Elder Dinosaur","G","{10}{G}{G}","false","Fighting Dinosaurs"
"Sproutback Trudge","Creature - Fungus Beast","G","{7}{G}{G}","false","Mysterious Woods"
"Titanoth Rex","Creature - Dinosaur Beast","G","{7}{G}{G}","false","Fighting Dinosaurs"
"Ellywick Tumblestrum","Legendary Planeswalker - Ellywick","G","{2}{G}{G}","false","Prismatic Legends"
"Fortifying Draught","Instant","G","{G}","false","Mysterious Woods"
"Ancient Animus","Instant","G","{1}{G}","false","Ancient Roots"
"Grapple with the Past","Instant","G","{1}{G}","false","Creeping Pests"
"Overprotect","Instant","G","{1}{G}","false","Life Cycle"
"Prizefight","Instant","G","{1}{G}","false","Fighting Dinosaurs"
"Ram Through","Instant","G","{1}{G}","false","Monkey Madness"
"Verdant Command","Instant","G","{1}{G}","false","Hungry Squirrels"
"Beast Within","Instant","G","{2}{G}","false","Mysterious Woods"
"Prey Upon","Sorcery","G","{G}","false","Creeping Pests"
"Primal Might","Sorcery","G","{X}{G}","false","Fighting Dinosaurs"
"Barroom Brawl","Sorcery","G","{1}{G}","false","Fighting Dinosaurs"
"Life's Legacy","Sorcery","G","{1}{G}","false","Life Cycle"
"Smell Fear","Sorcery","G","{1}{G}","false","Growing Elves"
"Winding Way","Sorcery","G","{1}{G}","false","Creeping Pests"
"Crack Open","Sorcery","G","{2}{G}","false","Growing Elves"
"Druidic Ritual","Sorcery","G","{2}{G}","false","Ancient Roots"
"Harmonize","Sorcery","G","{2}{G}{G}","false","Monkey Madness"
"Spider Spawning","Sorcery","G","{4}{G}","false","Creeping Pests"
"Springleaf Drum","Artifact","G","{1}","false","Hungry Squirrels"
"Boxing Ring","Artifact","G","{1}{G}","false","Fighting Dinosaurs"
"Golgari Signet","Artifact","G","{2}","false","Creeping Pests"
"Chitterspitter","Artifact","G","{2}{G}","false","Hungry Squirrels"
"Esika's Chariot","Legendary Artifact - Vehicle","G","{3}{G}","false","Life Cycle"
"Rancor","Enchantment - Aura","G","{G}","false","Ancient Roots"
"Squirrel Sanctuary","Enchantment","G","{G}","false","Hungry Squirrels"
"Wild Growth","Enchantment - Aura","G","{G}","false","Monkey Madness"
"Evolutionary Leap","Enchantment","G","{1}{G}","false","Life Cycle"
"Fertile Ground","Enchantment - Aura","G","{1}{G}","false","Prismatic Legends"
"Dryad Arbor","Land Creature - Forest Dryad","G","","false","Mysterious Woods"
"Barren Moor","Land","B","","false","Restless Collectors"
"Breeding Pool","Land - Forest Island","G","","false","Prismatic Legends"
"Castle Ardenvale","Land","W","","false","Righteous Cathars"
"Castle Vantress","Land","U","","false","Rolling Path"
"Dakmor Salvage","Land","B","","false","Restless Collectors"
"Den of the Bugbear","Land","R","","false","Reckless Goblins"
"Dimir Aqueduct","Land","B","","false","Ink Ninjas"
"Forest","Basic Land - Forest","G","","false","Growing Elves"
"Forest","Basic Land - Forest","G","","false","Monkey Madness"
"Forest","Basic Land - Forest","G","","false","Fighting Dinosaurs"
"Forest","Basic Land - Forest","G","","false","Prismatic Legends"
"Forest","Basic Land - Forest","G","","false","Fighting Dinosaurs"
"Forest","Basic Land - Forest","G","","false","Fighting Dinosaurs"
"Forest","Basic Land - Forest","G","","false","Fighting Dinosaurs"
"Forest","Basic Land - Forest","G","","false","Fighting Dinosaurs"
"Forest","Basic Land - Forest","G","","false","Fighting Dinosaurs"
"Forest","Basic Land - Forest","G","","false","Growing Elves"
"Forest","Basic Land - Forest","G","","false","Growing Elves"
"Forest","Basic Land - Forest","G","","false","Growing Elves"
"Forest","Basic Land - Forest","G","","false","Growing Elves"
"Forest","Basic Land - Forest","G","","false","Growing Elves"
"Forest","Basic Land - Forest","G","","false","Growing Elves"
"Forest","Basic Land - Forest","G","","false","Monkey Madness"
"Forest","Basic Land - Forest","G","","false","Monkey Madness"
"Forest","Basic Land - Forest","G","","false","Monkey Madness"
"Forest","Basic Land - Forest","G","","false","Monkey Madness"
"Forest","Basic Land - Forest","G","","false","Monkey Madness"
"Forest","Basic Land - Forest","G","","false","Monkey Madness"
"Forest","Basic Land - Forest","G","","false","Prismatic Legends"
"Forest","Basic Land - Forest","G","","false","Prismatic Legends"
"Forest","Basic Land - Forest","G","","false","Prismatic Legends"
"Forest","Basic Land - Forest","G","","false","Hungry Squirrels"
"Forest","Basic Land - Forest","G","","false","Hungry Squirrels"
"Forest","Basic Land - Forest","G","","false","Hungry Squirrels"
"Forest","Basic Land - Forest","G","","false","Hungry Squirrels"
"Forest","Basic Land - Forest","G","","false","Hungry Squirrels"
"Forest","Basic Land - Forest","G","","false","Hungry Squirrels"
"Forest","Basic Land - Forest","G","","false","Mysterious Woods"
"Forest","Basic Land - Forest","G","","false","Mysterious Woods"
"Forest","Basic Land - Forest","G","","false","Mysterious Woods"
"Forest","Basic Land - Forest","G","","false","Mysterious Woods"
"Forest","Basic Land - Forest","G","","false","Creeping Pests"
"Forest","Basic Land - Forest","G","","false","Creeping Pests"
"Forest","Basic Land - Forest","G","","false","Creeping Pests"
"Forest","Basic Land - Forest","G","","false","Creeping Pests"
"Forest","Basic Land - Forest","G","","false","Creeping Pests"
"Forest","Basic Land - Forest","G","","false","Creeping Pests"
"Forest","Basic Land - Forest","G","","false","Mysterious Woods"
"Forest","Basic Land - Forest","G","","false","Mysterious Woods"
"Forest","Basic Land - Forest","G","","false","Life Cycle"
"Forest","Basic Land - Forest","G","","false","Life Cycle"
"Forest","Basic Land - Forest","G","","false","Life Cycle"
"Forest","Basic Land - Forest","G","","false","Life Cycle"
"Forest","Basic Land - Forest","G","","false","Life Cycle"
"Forest","Basic Land - Forest","G","","false","Life Cycle"
"Forest","Basic Land - Forest","G","","false","Fighting Dinosaurs"
"Forest","Basic Land - Forest","G","","false","Ancient Roots"
"Forest","Basic Land - Forest","G","","false","Ancient Roots"
"Forest","Basic Land - Forest","G","","false","Ancient Roots"
"Forest","Basic Land - Forest","G","","false","Ancient Roots"
"Forest","Basic Land - Forest","G","","false","Ancient Roots"
"Forest","Basic Land - Forest","G","","false","Ancient Roots"
"Forest","Basic Land - Forest","G","","false","Ancient Roots"
"Forgotten Cave","Land","R","","false","Expressionists"
"Golgari Rot Farm","Land","G","","false","Creeping Pests"
"Great Furnace","Artifact Land","R","","false","Scrap Artificers"
"Island","Basic Land - Island","U","","false","Key Ninjas"
"Island","Basic Land - Island","U","","false","Ghostly Spirits"
"Island","Basic Land - Island","U","","false","Tempting Wizards"
"Island","Basic Land - Island","U","","false","Mysterious Shores"
"Island","Basic Land - Island","U","","false","Ghostly Spirits"
"Island","Basic Land - Island","U","","false","Ghostly Spirits"
"Island","Basic Land - Island","U","","false","Ghostly Spirits"
"Island","Basic Land - Island","U","","false","Ghostly Spirits"
"Island","Basic Land - Island","U","","false","Ghostly Spirits"
"Island","Basic Land - Island","U","","false","Ghostly Spirits"
"Island","Basic Land - Island","U","","false","Rolling Path"
"Island","Basic Land - Island","U","","false","Rolling Path"
"Island","Basic Land - Island","U","","false","Rolling Path"
"Island","Basic Land - Island","U","","false","Rolling Path"
"Island","Basic Land - Island","U","","false","Rolling Path"
"Island","Basic Land - Island","U","","false","Rolling Path"
"Island","Basic Land - Island","U","","false","Key Ninjas"
"Island","Basic Land - Island","U","","false","Key Ninjas"
"Island","Basic Land - Island","U","","false","Key Ninjas"
"Island","Basic Land - Island","U","","false","Key Ninjas"
"Island","Basic Land - Island","U","","false","Key Ninjas"
"Island","Basic Land - Island","U","","false","Mysterious Shores"
"Island","Basic Land - Island","U","","false","Mysterious Shores"
"Island","Basic Land - Island","U","","false","Mysterious Shores"
"Island","Basic Land - Island","U","","false","Mysterious Shores"
"Island","Basic Land - Island","U","","false","Mysterious Shores"
"Island","Basic Land - Island","U","","false","Key Ninjas"
"Island","Basic Land - Island","U","","false","Tempting Wizards"
"Island","Basic Land - Island","U","","false","Tempting Wizards"
"Island","Basic Land - Island","U","","false","Tempting Wizards"
"Island","Basic Land - Island","U","","false","Tempting Wizards"
"Island","Basic Land - Island","U","","false","Tempting Wizards"
"Island","Basic Land - Island","U","","false","Tempting Wizards"
"Island","Basic Land - Island","U","","false","Deranged Creations"
"Island","Basic Land - Island","U","","false","Deranged Creations"
"Island","Basic Land - Island","U","","false","Deranged Creations"
"Island","Basic Land - Island","U","","false","Deranged Creations"
"Island","Basic Land - Island","U","","false","Deranged Creations"
"Island","Basic Land - Island","U","","false","Deranged Creations"
"Island","Basic Land - Island","U","","false","Deranged Creations"
"Island","Basic Land - Island","U","","false","Looting Pirates"
"Island","Basic Land - Island","U","","false","Looting Pirates"
"Island","Basic Land - Island","U","","false","Looting Pirates"
"Island","Basic Land - Island","U","","false","Looting Pirates"
"Island","Basic Land - Island","U","","false","Looting Pirates"
"Island","Basic Land - Island","U","","false","Looting Pirates"
"Island","Basic Land - Island","U","","false","The Dollhouse"
"Island","Basic Land - Island","U","","false","The Dollhouse"
"Island","Basic Land - Island","U","","false","The Dollhouse"
"Island","Basic Land - Island","U","","false","The Dollhouse"
"Island","Basic Land - Island","U","","false","The Dollhouse"
"Island","Basic Land - Island","U","","false","The Dollhouse"
"Island","Basic Land - Island","U","","false","Hazy Dreams"
"Island","Basic Land - Island","U","","false","Hazy Dreams"
"Island","Basic Land - Island","U","","false","Hazy Dreams"
"Island","Basic Land - Island","U","","false","Hazy Dreams"
"Island","Basic Land - Island","U","","false","Hazy Dreams"
"Island","Basic Land - Island","U","","false","Hazy Dreams"
"Island","Basic Land - Island","U","","false","Hazy Dreams"
"Llanowar Wastes","Land","B","","false","Blight Elves"
"Lonely Sandbar","Land","U","","false","Mysterious Shores"
"Manor Gate","Land - Gate","G","","false","Prismatic Legends"
"Mountain","Basic Land - Mountain","R","","false","Reckless Goblins"
"Mountain","Basic Land - Mountain","R","","false","Thrilling Pirates"
"Mountain","Basic Land - Mountain","R","","false","Scrap Artificers"
"Mountain","Basic Land - Mountain","R","","false","Expressionists"
"Mountain","Basic Land - Mountain","R","","false","Expressionists"
"Mountain","Basic Land - Mountain","R","","false","Expressionists"
"Mountain","Basic Land - Mountain","R","","false","Expressionists"
"Mountain","Basic Land - Mountain","R","","false","Expressionists"
"Mountain","Basic Land - Mountain","R","","false","Thrilling Pirates"
"Mountain","Basic Land - Mountain","R","","false","Thrilling Pirates"
"Mountain","Basic Land - Mountain","R","","false","Thrilling Pirates"
"Mountain","Basic Land - Mountain","R","","false","Thrilling Pirates"
"Mountain","Basic Land - Mountain","R","","false","Thrilling Pirates"
"Mountain","Basic Land - Mountain","R","","false","Thrilling Pirates"
"Mountain","Basic Land - Mountain","R","","false","Reckless Goblins"
"Mountain","Basic Land - Mountain","R","","false","Reckless Goblins"
"Mountain","Basic Land - Mountain","R","","false","Reckless Goblins"
"Mountain","Basic Land - Mountain","R","","false","Reckless Goblins"
"Mountain","Basic Land - Mountain","R","","false","Reckless Goblins"
"Mountain","Basic Land - Mountain","R","","false","Scrap Artificers"
"Mountain","Basic Land - Mountain","R","","false","Scrap Artificers"
"Mountain","Basic Land - Mountain","R","","false","Scrap Artificers"
"Mountain","Basic Land - Mountain","R","","false","Scrap Artificers"
"Mountain","Basic Land - Mountain","R","","false","Scrap Artificers"
"Mountain","Basic Land - Mountain","R","","false","Wild Chances"
"Mountain","Basic Land - Mountain","R","","false","Wild Chances"
"Mountain","Basic Land - Mountain","R","","false","Wild Chances"
"Mountain","Basic Land - Mountain","R","","false","Wild Chances"
"Mountain","Basic Land - Mountain","R","","false","Wild Chances"
"Mountain","Basic Land - Mountain","R","","false","Wild Chances"
"Mountain","Basic Land - Mountain","R","","false","Burning Devils"
"Mountain","Basic Land - Mountain","R","","false","Burning Devils"
"Mountain","Basic Land - Mountain","R","","false","Burning Devils"
"Mountain","Basic Land - Mountain","R","","false","Burning Devils"
"Mountain","Basic Land - Mountain","R","","false","Burning Devils"
"Mountain","Basic Land - Mountain","R","","false","Burning Devils"
"Mountain","Basic Land - Mountain","R","","false","Burning Devils"
"Mountain","Basic Land - Mountain","R","","false","Havoc Makers"
"Mountain","Basic Land - Mountain","R","","false","Havoc Makers"
"Mountain","Basic Land - Mountain","R","","false","Havoc Makers"
"Mountain","Basic Land - Mountain","R","","false","Havoc Makers"
"Mountain","Basic Land - Mountain","R","","false","Havoc Makers"
"Mountain","Basic Land - Mountain","R","","false","Havoc Makers"
"Mountain","Basic Land - Mountain","R","","false","Blood Vampires"
"Mountain","Basic Land - Mountain","R","","false","Blood Vampires"
"Mountain","Basic Land - Mountain","R","","false","Blood Vampires"
"Mountain","Basic Land - Mountain","R","","false","Blood Vampires"
"Mountain","Basic Land - Mountain","R","","false","Blood Vampires"
"Mountain","Basic Land - Mountain","R","","false","Blood Vampires"
"Mountain","Basic Land - Mountain","R","","false","Vengeful Dragons"
"Mountain","Basic Land - Mountain","R","","false","Vengeful Dragons"
"Mountain","Basic Land - Mountain","R","","false","Vengeful Dragons"
"Mountain","Basic Land - Mountain","R","","false","Vengeful Dragons"
"Mountain","Basic Land - Mountain","R","","false","Vengeful Dragons"
"Mountain","Basic Land - Mountain","R","","false","Vengeful Dragons"
"Mountain","Basic Land - Mountain","R","","false","Vengeful Dragons"
"Orzhov Basilica","Land","W","","false","Party Gathering"
"Plains","Basic Land - Plains","W","","false","Cat Guardians"
"Plains","Basic Land - Plains","W","","false","Mysterious Spirits"
"Plains","Basic Land - Plains","W","","false","Angelic Saviors"
"Plains","Basic Land - Plains","W","","false","War Machines"
"Plains","Basic Land - Plains","W","","false","Angelic Saviors"
"Plains","Basic Land - Plains","W","","false","Angelic Saviors"
"Plains","Basic Land - Plains","W","","false","Angelic Saviors"
"Plains","Basic Land - Plains","W","","false","Angelic Saviors"
"Plains","Basic Land - Plains","W","","false","Angelic Saviors"
"Plains","Basic Land - Plains","W","","false","Angelic Saviors"
"Plains","Basic Land - Plains","W","","false","War Machines"
"Plains","Basic Land - Plains","W","","false","War Machines"
"Plains","Basic Land - Plains","W","","false","War Machines"
"Plains","Basic Land - Plains","W","","false","War Machines"
"Plains","Basic Land - Plains","W","","false","War Machines"
"Plains","Basic Land - Plains","W","","false","War Machines"
"Plains","Basic Land - Plains","W","","false","Mysterious Spirits"
"Plains","Basic Land - Plains","W","","false","Mysterious Spirits"
"Plains","Basic Land - Plains","W","","false","Mysterious Spirits"
"Plains","Basic Land - Plains","W","","false","Mysterious Spirits"
"Plains","Basic Land - Plains","W","","false","Mysterious Spirits"
"Plains","Basic Land - Plains","W","","false","Mysterious Spirits"
"Plains","Basic Land - Plains","W","","false","Cat Guardians"
"Plains","Basic Land - Plains","W","","false","Cat Guardians"
"Plains","Basic Land - Plains","W","","false","Cat Guardians"
"Plains","Basic Land - Plains","W","","false","Cat Guardians"
"Plains","Basic Land - Plains","W","","false","Cat Guardians"
"Plains","Basic Land - Plains","W","","false","Cat Guardians"
"Plains","Basic Land - Plains","W","","false","Party Gathering"
"Plains","Basic Land - Plains","W","","false","Party Gathering"
"Plains","Basic Land - Plains","W","","false","Party Gathering"
"Plains","Basic Land - Plains","W","","false","Party Gathering"
"Plains","Basic Land - Plains","W","","false","Party Gathering"
"Plains","Basic Land - Plains","W","","false","Party Gathering"
"Plains","Basic Land - Plains","W","","false","Dusk Vampires"
"Plains","Basic Land - Plains","W","","false","Dusk Vampires"
"Plains","Basic Land - Plains","W","","false","Dusk Vampires"
"Plains","Basic Land - Plains","W","","false","Dusk Vampires"
"Plains","Basic Land - Plains","W","","false","Dusk Vampires"
"Plains","Basic Land - Plains","W","","false","Dusk Vampires"
"Plains","Basic Land - Plains","W","","false","Righteous Cathars"
"Plains","Basic Land - Plains","W","","false","Righteous Cathars"
"Plains","Basic Land - Plains","W","","false","Righteous Cathars"
"Plains","Basic Land - Plains","W","","false","Righteous Cathars"
"Plains","Basic Land - Plains","W","","false","Righteous Cathars"
"Plains","Basic Land - Plains","W","","false","Righteous Cathars"
"Plains","Basic Land - Plains","W","","false","Spirited Journey"
"Plains","Basic Land - Plains","W","","false","Spirited Journey"
"Plains","Basic Land - Plains","W","","false","Spirited Journey"
"Plains","Basic Land - Plains","W","","false","Spirited Journey"
"Plains","Basic Land - Plains","W","","false","Spirited Journey"
"Plains","Basic Land - Plains","W","","false","Spirited Journey"
"Plains","Basic Land - Plains","W","","false","Spirited Journey"
"Plains","Basic Land - Plains","W","","false","Hazy Visions"
"Plains","Basic Land - Plains","W","","false","Hazy Visions"
"Plains","Basic Land - Plains","W","","false","Hazy Visions"
"Plains","Basic Land - Plains","W","","false","Hazy Visions"
"Plains","Basic Land - Plains","W","","false","Hazy Visions"
"Plains","Basic Land - Plains","W","","false","Hazy Visions"
"Plains","Basic Land - Plains","W","","false","Hazy Visions"
"Rakdos Carnarium","Land","R","","false","Havoc Makers"
"Seat of the Synod","Artifact Land","U","","false","The Dollhouse"
"Shivan Reef","Land","R","","false","Expressionists"
"Sunbaked Canyon","Land","R","","false","Wild Chances"
"Swamp","Basic Land - Swamp","B","","false","Doombringers"
"Swamp","Basic Land - Swamp","B","","false","Aetherborn Artificers"
"Swamp","Basic Land - Swamp","B","","false","Undercity Syndicate"
"Swamp","Basic Land - Swamp","B","","false","Oona's Weirding"
"Swamp","Basic Land - Swamp","B","","false","Aetherborn Artificers"
"Swamp","Basic Land - Swamp","B","","false","Aetherborn Artificers"
"Swamp","Basic Land - Swamp","B","","false","Aetherborn Artificers"
"Swamp","Basic Land - Swamp","B","","false","Aetherborn Artificers"
"Swamp","Basic Land - Swamp","B","","false","Aetherborn Artificers"
"Swamp","Basic Land - Swamp","B","","false","Doombringers"
"Swamp","Basic Land - Swamp","B","","false","Doombringers"
"Swamp","Basic Land - Swamp","B","","false","Doombringers"
"Swamp","Basic Land - Swamp","B","","false","Doombringers"
"Swamp","Basic Land - Swamp","B","","false","Doombringers"
"Swamp","Basic Land - Swamp","B","","false","Doombringers"
"Swamp","Basic Land - Swamp","B","","false","Undercity Syndicate"
"Swamp","Basic Land - Swamp","B","","false","Undercity Syndicate"
"Swamp","Basic Land - Swamp","B","","false","Undercity Syndicate"
"Swamp","Basic Land - Swamp","B","","false","Undercity Syndicate"
"Swamp","Basic Land - Swamp","B","","false","Undercity Syndicate"
"Swamp","Basic Land - Swamp","B","","false","Undercity Syndicate"
"Swamp","Basic Land - Swamp","B","","false","Oona's Weirding"
"Swamp","Basic Land - Swamp","B","","false","Oona's Weirding"
"Swamp","Basic Land - Swamp","B","","false","Oona's Weirding"
"Swamp","Basic Land - Swamp","B","","false","Oona's Weirding"
"Swamp","Basic Land - Swamp","B","","false","Oona's Weirding"
"Swamp","Basic Land - Swamp","B","","false","Oona's Weirding"
"Swamp","Basic Land - Swamp","B","","false","Endless Zombies"
"Swamp","Basic Land - Swamp","B","","false","Endless Zombies"
"Swamp","Basic Land - Swamp","B","","false","Endless Zombies"
"Swamp","Basic Land - Swamp","B","","false","Endless Zombies"
"Swamp","Basic Land - Swamp","B","","false","Endless Zombies"
"Swamp","Basic Land - Swamp","B","","false","Endless Zombies"
"Swamp","Basic Land - Swamp","B","","false","Endless Zombies"
"Swamp","Basic Land - Swamp","B","","false","Death Vampires"
"Swamp","Basic Land - Swamp","B","","false","Death Vampires"
"Swamp","Basic Land - Swamp","B","","false","Death Vampires"
"Swamp","Basic Land - Swamp","B","","false","Death Vampires"
"Swamp","Basic Land - Swamp","B","","false","Death Vampires"
"Swamp","Basic Land - Swamp","B","","false","Death Vampires"
"Swamp","Basic Land - Swamp","B","","false","Death Vampires"
"Swamp","Basic Land - Swamp","B","","false","Blight Elves"
"Swamp","Basic Land - Swamp","B","","false","Blight Elves"
"Swamp","Basic Land - Swamp","B","","false","Blight Elves"
"Swamp","Basic Land - Swamp","B","","false","Blight Elves"
"Swamp","Basic Land - Swamp","B","","false","Blight Elves"
"Swamp","Basic Land - Swamp","B","","false","Blight Elves"
"Swamp","Basic Land - Swamp","B","","false","Ink Ninjas"
"Swamp","Basic Land - Swamp","B","","false","Ink Ninjas"
"Swamp","Basic Land - Swamp","B","","false","Ink Ninjas"
"Swamp","Basic Land - Swamp","B","","false","Ink Ninjas"
"Swamp","Basic Land - Swamp","B","","false","Ink Ninjas"
"Swamp","Basic Land - Swamp","B","","false","Ink Ninjas"
"Swamp","Basic Land - Swamp","B","","false","Restless Collectors"
"Swamp","Basic Land - Swamp","B","","false","Restless Collectors"
"Swamp","Basic Land - Swamp","B","","false","Restless Collectors"
"Swamp","Basic Land - Swamp","B","","false","Restless Collectors"
"Swamp","Basic Land - Swamp","B","","false","Restless Collectors"
"Temple Garden","Land - Forest Plains","G","","false","Prismatic Legends"
"Temple of Deceit","Land","U","","false","Looting Pirates"
"Temple of Malady","Land","G","","false","Hungry Squirrels"
"Temple of Malice","Land","R","","false","Blood Vampires"
"Temple of Silence","Land","W","","false","Dusk Vampires"
"Thriving Bluff","Land","R","","false","Reckless Goblins"
"Thriving Bluff","Land","R","","false","Thrilling Pirates"
"Thriving Bluff","Land","R","","false","Scrap Artificers"
"Thriving Bluff","Land","R","","false","Expressionists"
"Thriving Bluff","Land","R","","false","Wild Chances"
"Thriving Bluff","Land","R","","false","Burning Devils"
"Thriving Bluff","Land","R","","false","Havoc Makers"
"Thriving Bluff","Land","R","","false","Blood Vampires"
"Thriving Bluff","Land","R","","false","Vengeful Dragons"
"Thriving Grove","Land","G","","false","Growing Elves"
"Thriving Grove","Land","G","","false","Monkey Madness"
"Thriving Grove","Land","G","","false","Fighting Dinosaurs"
"Thriving Grove","Land","G","","false","Prismatic Legends"
"Thriving Grove","Land","G","","false","Hungry Squirrels"
"Thriving Grove","Land","G","","false","Mysterious Woods"
"Thriving Grove","Land","G","","false","Creeping Pests"
"Thriving Grove","Land","G","","false","Life Cycle"
"Thriving Grove","Land","G","","false","Ancient Roots"
"Thriving Heath","Land","W","","false","Cat Guardians"
"Thriving Heath","Land","W","","false","Mysterious Spirits"
"Thriving Heath","Land","W","","false","Angelic Saviors"
"Thriving Heath","Land","W","","false","War Machines"
"Thriving Heath","Land","W","","false","Party Gathering"
"Thriving Heath","Land","W","","false","Dusk Vampires"
"Thriving Heath","Land","W","","false","Righteous Cathars"
"Thriving Heath","Land","W","","false","Spirited Journey"
"Thriving Heath","Land","W","","false","Hazy Visions"
"Thriving Isle","Land","U","","false","Key Ninjas"
"Thriving Isle","Land","U","","false","Ghostly Spirits"
"Thriving Isle","Land","U","","false","Tempting Wizards"
"Thriving Isle","Land","U","","false","Mysterious Shores"
"Thriving Isle","Land","U","","false","Rolling Path"
"Thriving Isle","Land","U","","false","Deranged Creations"
"Thriving Isle","Land","U","","false","Looting Pirates"
"Thriving Isle","Land","U","","false","The Dollhouse"
"Thriving Isle","Land","U","","false","Hazy Dreams"
"Thriving Moor","Land","B","","false","Doombringers"
"Thriving Moor","Land","B","","false","Aetherborn Artificers"
"Thriving Moor","Land","B","","false","Undercity Syndicate"
"Thriving Moor","Land","B","","false","Oona's Weirding"
"Thriving Moor","Land","B","","false","Endless Zombies"
"Thriving Moor","Land","B","","false","Death Vampires"
"Thriving Moor","Land","B","","false","Blight Elves"
"Thriving Moor","Land","B","","false","Ink Ninjas"
"Thriving Moor","Land","B","","false","Restless Collectors"
"Tranquil Thicket","Land","G","","false","Life Cycle"
"Vault of Whispers","Artifact Land","B","","false","Aetherborn Artificers"
"Plains","Basic Land - Plains","","","true",""
"Plains","Basic Land - Plains","","","true",""
"Plains","Basic Land - Plains","","","true",""
"Plains","Basic Land - Plains","","","true",""
"Plains","Basic Land - Plains","","","true",""
"Plains","Basic Land - Plains","","","true",""
"Plains","Basic Land - Plains","","","true",""
"Plains","Basic Land - Plains","","","true",""
"Plains","Basic Land - Plains","","","true",""
"Island","Basic Land - Island","","","true",""
"Island","Basic Land - Island","","","true",""
"Island","Basic Land - Island","","","true",""
"Island","Basic Land - Island","","","true",""
"Island","Basic Land - Island","","","true",""
"Island","Basic Land - Island","","","true",""
"Island","Basic Land - Island","","","true",""
"Island","Basic Land - Island","","","true",""
"Island","Basic Land - Island","","","true",""
"Swamp","Basic Land - Swamp","","","true",""
"Swamp","Basic Land - Swamp","","","true",""
"Swamp","Basic Land - Swamp","","","true",""
"Swamp","Basic Land - Swamp","","","true",""
"Swamp","Basic Land - Swamp","","","true",""
"Swamp","Basic Land - Swamp","","","true",""
"Swamp","Basic Land - Swamp","","","true",""
"Swamp","Basic Land - Swamp","","","true",""
"Swamp","Basic Land - Swamp","","","true",""
"Mountain","Basic Land - Mountain","","","true",""
"Mountain","Basic Land - Mountain","","","true",""
"Mountain","Basic Land - Mountain","","","true",""
"Mountain","Basic Land - Mountain","","","true",""
"Mountain","Basic Land - Mountain","","","true",""
"Mountain","Basic Land - Mountain","","","true",""
"Mountain","Basic Land - Mountain","","","true",""
"Mountain","Basic Land - Mountain","","","true",""
"Mountain","Basic Land - Mountain","","","true",""
"Forest","Basic Land - Forest","","","true",""
"Forest","Basic Land - Forest","","","true",""
"Forest","Basic Land - Forest","","","true",""
"Forest","Basic Land - Forest","","","true",""
"Forest","Basic Land - Forest","","","true",""
"Forest","Basic Land - Forest","","","true",""
"Forest","Basic Land - Forest","","","true",""
"Forest","Basic Land - Forest","","","true",""
"Forest","Basic Land - Forest","","","true",""
