"name","Type","Color","Color Category","manacost","maybeboard","tags"
"Icatian Infantry","Creature - Human Soldier","W","White","{W}","false","Icatian Stronghold"
"Icatian Priest","Creature - Human Cleric","W","White","{W}","false","Icatian Stronghold"
"Icatian Scout","Creature - Human Soldier Scout","W","White","{W}","false","Icatian Stronghold"
"Kjeldoran Warrior","Creature - Human Warrior","W","White","{W}","false","Armageddon"
"Icatian Lieutenant","Creature - Human Soldier","W","White","{W}{W}","false","Icatian Stronghold"
"Mesa Pegasus","Creature - Pegasus","W","White","{1}{W}","false","Armageddon"
"Order of Leitbur","Creature - Human Cleric Knight","W","White","{W}{W}","false","Blessed Zealots"
"Order of the White Shield","Creature - Human Knight","W","White","{W}{W}","false","Armageddon"
"Pikemen","Creature - Human Soldier","W","White","{1}{W}","false","Icatian Stronghold"
"Samite Healer","Creature - Human Cleric","W","White","{1}{W}","false","Blessed Zealots"
"White Knight","Creature - Human Knight","W","White","{W}{W}","false","Blessed Zealots"
"Combat Medic","Creature - Human Cleric Soldier","W","White","{2}{W}","false","Icatian Stronghold"
"D'Avenant Archer","Creature - Human Soldier Archer","W","White","{2}{W}","false","Icatian Stronghold"
"Farrel's Zealot","Creature - Human","W","White","{1}{W}{W}","false","Icatian Stronghold"
"Preacher","Creature - Human Cleric","W","White","{1}{W}{W}","false","Blessed Zealots"
"Wall of Light","Creature - Wall","W","White","{2}{W}","false","Labryinth"
"Knights of Thorn","Creature - Human Knight","W","White","{3}{W}","false","Blessed Zealots"
"Northern Paladin","Creature - Human Knight","W","White","{2}{W}{W}","false","Blessed Zealots"
"Wall of Swords","Creature - Wall","W","White","{3}{W}","false","Labryinth"
"Witch Hunter","Creature - Human Cleric","W","White","{2}{W}{W}","false","Blessed Zealots"
"Petra Sphinx","Creature - Sphinx","W","White","{2}{W}{W}{W}","false","Armageddon"
"Righteous Avengers","Creature - Human Soldier","W","White","{4}{W}","false","Armageddon"
"Serra Angel","Creature - Angel","W","White","{3}{W}{W}","false","Armageddon"
"Serra Angel","Creature - Angel","W","White","{3}{W}{W}","false","Blessed Zealots"
"Personal Incarnation","Creature - Avatar Incarnation","W","White","{3}{W}{W}{W}","false","Armageddon"
"Akron Legionnaire","Creature - Giant Soldier","W","White","{6}{W}{W}","false","Icatian Stronghold"
"Swords to Plowshares","Instant","W","White","{W}","false","Armageddon"
"Swords to Plowshares","Instant","W","White","{W}","false","Blessed Zealots"
"Swords to Plowshares","Instant","W","White","{W}","false","Labryinth"
"Disenchant","Instant","W","White","{1}{W}","false","Blessed Zealots"
"Divine Offering","Instant","W","White","{1}{W}","false","Icatian Stronghold"
"Holy Light","Instant","W","White","{2}{W}","false","Blessed Zealots"
"Balance","Sorcery","W","White","{1}{W}","false","Icatian Stronghold"
"Armageddon","Sorcery","W","White","{3}{W}","false","Armageddon"
"Animate Wall","Enchantment - Aura","W","White","{W}","false","Labryinth"
"Holy Armor","Enchantment - Aura","W","White","{W}","false","Blessed Zealots"
"Holy Strength","Enchantment - Aura","W","White","{W}","false","Icatian Stronghold"
"Land Tax","Enchantment","W","White","{W}","false","Armageddon"
"Crusade","Enchantment","W","White","{W}{W}","false","Icatian Stronghold"
"Greater Realm of Preservation","Enchantment","W","White","{1}{W}","false","Armageddon"
"Fortified Area","Enchantment","W","White","{1}{W}{W}","false","Labryinth"
"Seeker","Enchantment - Aura","W","White","{2}{W}{W}","false","Armageddon"
"Electric Eel","Creature - Fish","U","Multicolored","{U}","false","Prodigal Voyage"
"Flying Men","Creature - Human","U","Blue","{U}","false","Prodigal Voyage"
"Merfolk of the Pearl Trident","Creature - Merfolk","U","Blue","{U}","false","Atlantis Rising"
"Lord of Atlantis","Creature - Merfolk","U","Blue","{U}{U}","false","Atlantis Rising"
"Merfolk Assassin","Creature - Merfolk Assassin","U","Blue","{U}{U}","false","Atlantis Rising"
"River Merfolk","Creature - Merfolk","U","Blue","{U}{U}","false","Atlantis Rising"
"Sage of Lat-Nam","Creature - Human Artificer","U","Blue","{1}{U}","false","Prodigal Voyage"
"Vodalian Soldiers","Creature - Merfolk Soldier","U","Blue","{1}{U}","false","Atlantis Rising"
"Prodigal Sorcerer","Creature - Human Wizard","U","Blue","{2}{U}","false","Prodigal Voyage"
"Seasinger","Creature - Merfolk","U","Blue","{1}{U}{U}","false","Atlantis Rising"
"Serendib Efreet","Creature - Efreet","U","Blue","{2}{U}","false","Timmy's Spellbook"
"Vodalian Mage","Creature - Merfolk Wizard","U","Blue","{2}{U}","false","Atlantis Rising"
"Wall of Air","Creature - Wall","U","Blue","{1}{U}{U}","false","Labryinth"
"Wall of Water","Creature - Wall","U","Blue","{1}{U}{U}","false","Labryinth"
"Ghost Ship","Creature - Spirit","U","Blue","{2}{U}{U}","false","Prodigal Voyage"
"Phantasmal Forces","Creature - Illusion","U","Blue","{3}{U}","false","Atlantis Rising"
"Wall of Wonder","Creature - Wall","U","Blue","{2}{U}{U}","false","Labryinth"
"Air Elemental","Creature - Elemental","U","Blue","{3}{U}{U}","false","Prodigal Voyage"
"Air Elemental","Creature - Elemental","U","Blue","{3}{U}{U}","false","Atlantis Rising"
"Water Elemental","Creature - Elemental","U","Blue","{3}{U}{U}","false","Timmy's Spellbook"
"Giant Shark","Creature - Shark","U","Blue","{5}{U}","false","Prodigal Voyage"
"Mahamoti Djinn","Creature - Djinn","U","Blue","{4}{U}{U}","false","Timmy's Spellbook"
"Force Spike","Instant","U","Blue","{U}","false","Timmy's Spellbook"
"Power Sink","Instant","U","Blue","{X}{U}","false","Atlantis Rising"
"Unsummon","Instant","U","Blue","{U}","false","Timmy's Spellbook"
"Boomerang","Instant","U","Blue","{U}{U}","false","Timmy's Spellbook"
"Counterspell","Instant","U","Blue","{U}{U}","false","Timmy's Spellbook"
"Psionic Blast","Instant","U","Blue","{2}{U}","false","Timmy's Spellbook"
"Recall","Sorcery","U","Blue","{X}{X}{U}","false","Timmy's Spellbook"
"Juxtapose","Sorcery","U","Blue","{3}{U}","false","Prodigal Voyage"
"Amnesia","Sorcery","U","Blue","{3}{U}{U}{U}","false","Timmy's Spellbook"
"Unstable Mutation","Enchantment - Aura","U","Blue","{U}","false","Atlantis Rising"
"Copy Artifact","Enchantment","U","Blue","{1}{U}","false","Prodigal Voyage"
"Invisibility","Enchantment - Aura","U","Blue","{U}{U}","false","Timmy's Spellbook"
"Phantasmal Terrain","Enchantment - Aura","U","Blue","{U}{U}","false","Atlantis Rising"
"Psychic Venom","Enchantment - Aura","U","Blue","{1}{U}","false","Timmy's Spellbook"
"Spectral Cloak","Enchantment - Aura","U","Blue","{U}{U}","false","Prodigal Voyage"
"Control Magic","Enchantment - Aura","U","Blue","{2}{U}{U}","false","Labryinth"
"Psychic Allergy","Enchantment","U","Blue","{3}{U}{U}","false","Prodigal Voyage"
"Basal Thrull","Creature - Thrull","B","Black","{B}{B}","false","Thrull Pit"
"Black Knight","Creature - Human Knight","B","Black","{B}{B}","false","Something Wicked This Wa"
"Cyclopean Mummy","Creature - Zombie","B","Black","{1}{B}","false","Walking Dead"
"Drudge Skeletons","Creature - Skeleton","B","Black","{1}{B}","false","Something Wicked This Wa"
"Frozen Shade","Creature - Shade","B","Black","{2}{B}","false","Something Wicked This Wa"
"Headless Horseman","Creature - Zombie Knight","B","Black","{2}{B}","false","Walking Dead"
"Hypnotic Specter","Creature - Specter","B","Black","{1}{B}{B}","false","Something Wicked This Wa"
"Mindstab Thrull","Creature - Thrull","B","Black","{1}{B}{B}","false","Thrull Pit"
"Necrite","Creature - Thrull","B","Black","{1}{B}{B}","false","Thrull Pit"
"Plague Rats","Creature - Rat","B","Black","{2}{B}","false","Walking Dead"
"Plague Rats","Creature - Rat","B","Black","{2}{B}","false","Walking Dead"
"Plague Rats","Creature - Rat","B","Black","{2}{B}","false","Walking Dead"
"Plague Rats","Creature - Rat","B","Black","{2}{B}","false","Walking Dead"
"Thrull Wizard","Creature - Thrull Wizard","B","Black","{2}{B}","false","Thrull Pit"
"Zombie Master","Creature - Zombie","B","Black","{1}{B}{B}","false","Walking Dead"
"Derelor","Creature - Thrull","B","Black","{3}{B}","false","Thrull Pit"
"The Fallen","Creature - Zombie","B","Black","{1}{B}{B}{B}","false","Walking Dead"
"Fallen Angel","Creature - Angel","B","Black","{3}{B}{B}","false","Something Wicked This Wa"
"Sengir Vampire","Creature - Vampire","B","Black","{3}{B}{B}","false","Walking Dead"
"Thrull Champion","Creature - Thrull","B","Black","{4}{B}","false","Thrull Pit"
"Demonic Hordes","Creature - Demon","B","Black","{3}{B}{B}{B}","false","Something Wicked This Wa"
"Ebon Praetor","Creature - Avatar Praetor","B","Black","{4}{B}{B}","false","Thrull Pit"
"Yawgmoth Demon","Creature - Phyrexian Demon","B","Black","{4}{B}{B}","false","Yawgmoth's Pets"
"Dark Ritual","Instant","B","Black","{B}","false","Walking Dead"
"Howl from Beyond","Instant","B","Black","{X}{B}","false","Thrull Pit"
"Terror","Instant","B","Black","{1}{B}","false","Something Wicked This Wa"
"Terror","Instant","B","Black","{1}{B}","false","Yawgmoth's Pets"
"Drain Life","Sorcery","B","Black","{X}{1}{B}","false","Something Wicked This Wa"
"Ashes to Ashes","Sorcery","B","Black","{1}{B}{B}","false","Thrull Pit"
"Evil Presence","Enchantment - Aura","B","Black","{B}","false","Walking Dead"
"Weakness","Enchantment - Aura","B","Black","{B}","false","Thrull Pit"
"Animate Dead","Enchantment - Aura","B","Black","{1}{B}","false","Something Wicked This Wa"
"Blight","Enchantment - Aura","B","Black","{B}{B}","false","Something Wicked This Wa"
"Fear","Enchantment - Aura","B","Black","{B}{B}","false","Something Wicked This Wa"
"Breeding Pit","Enchantment","B","Black","{3}{B}","false","Thrull Pit"
"Pestilence","Enchantment","B","Black","{2}{B}{B}","false","Walking Dead"
"Horror of Horrors","Enchantment","B","Black","{3}{B}{B}","false","Thrull Pit"
"Worms of the Earth","Enchantment","B","Black","{2}{B}{B}{B}","false","Yawgmoth's Pets"
"Goblin Balloon Brigade","Creature - Goblin Warrior","R","Red","{R}","false","Treacherous Pass"
"Goblin Digging Team","Creature - Goblin","R","Red","{R}","false","Treacherous Pass"
"Goblins of the Flarg","Creature - Goblin Warrior","R","Red","{R}","false","Treacherous Pass"
"Kird Ape","Creature - Ape","R","Red","{R}","false","Dominaria's Zoo"
"Mons's Goblin Raiders","Creature - Goblin","R","Red","{R}","false","Treacherous Pass"
"Primordial Ooze","Creature - Ooze","R","Red","{R}","false","Red Tide"
"Atog","Creature - Atog","R","Red","{1}{R}","false","Yawgmoth's Pets"
"Goblin Rock Sled","Creature - Goblin","R","Red","{1}{R}","false","Treacherous Pass"
"Ball Lightning","Creature - Elemental","R","Red","{R}{R}{R}","false","Red Tide"
"Ball Lightning","Creature - Elemental","R","Red","{R}{R}{R}","false","Dominaria's Zoo"
"Fire Drake","Creature - Drake","R","Red","{1}{R}{R}","false","Red Tide"
"Goblin King","Creature - Goblin","R","Red","{1}{R}{R}","false","Treacherous Pass"
"Granite Gargoyle","Creature - Gargoyle","R","Red","{2}{R}","false","Red Tide"
"Gray Ogre","Creature - Ogre","R","Red","{2}{R}","false","Red Tide"
"Uthden Troll","Creature - Troll","R","Red","{2}{R}","false","Treacherous Pass"
"Wall of Fire","Creature - Wall","R","Red","{1}{R}{R}","false","Red Tide"
"Aladdin","Creature - Human Rogue","R","Red","{2}{R}{R}","false","Desert Journey"
"Mountain Yeti","Creature - Yeti","R","Red","{2}{R}{R}","false","Treacherous Pass"
"Roc of Kher Ridges","Creature - Bird","R","Red","{3}{R}","false","Red Tide"
"Stone Giant","Creature - Giant","R","Red","{2}{R}{R}","false","Treacherous Pass"
"Shivan Dragon","Creature - Dragon","R","Red","{4}{R}{R}","false","Red Tide"
"Lightning Bolt","Instant","R","Red","{R}","false","Desert Journey"
"Lightning Bolt","Instant","R","Red","{R}","false","Dominaria's Zoo"
"Lightning Bolt","Instant","R","Red","{R}","false","Red Tide"
"Red Elemental Blast","Instant","R","Red","{R}","false","Red Tide"
"Blood Lust","Instant","R","Red","{1}{R}","false","Treacherous Pass"
"Fork","Instant","R","Red","{R}{R}","false","Desert Journey"
"Shatter","Instant","R","Red","{1}{R}","false","Desert Journey"
"Fissure","Instant","R","Red","{3}{R}{R}","false","Treacherous Pass"
"Chain Lightning","Sorcery","R","Red","{R}","false","Desert Journey"
"Earthquake","Sorcery","R","Red","{X}{R}","false","Desert Journey"
"Fireball","Sorcery","R","Red","{X}{R}","false","Desert Journey"
"Fireball","Sorcery","R","Red","{X}{R}","false","Dominaria's Zoo"
"Goblin Grenade","Sorcery","R","Red","{R}","false","Treacherous Pass"
"Stone Rain","Sorcery","R","Red","{2}{R}","false","Desert Journey"
"Stone Rain","Sorcery","R","Red","{2}{R}","false","Dominaria's Zoo"
"Earthbind","Enchantment - Aura","R","Red","{R}","false","Desert Journey"
"Firebreathing","Enchantment - Aura","R","Red","{R}","false","Red Tide"
"Goblin Shrine","Enchantment - Aura","R","Red","{1}{R}{R}","false","Treacherous Pass"
"Orcish Oriflamme","Enchantment","R","Red","{3}{R}","false","Red Tide"
"Llanowar Elves","Creature - Elf Druid","G","Green","","false","Lure Them In"
"Llanowar Elves","Creature - Elf Druid","G","Green","","false","Forest Ire"
"Nafs Asp","Creature - Snake","G","Green","{G}","false","Lure Them In"
"Scavenger Folk","Creature - Human","G","Green","{G}","false","Thallid Lair"
"Scryb Sprites","Creature - Faerie","G","Green","{G}","false","Forest Ire"
"Scryb Sprites","Creature - Faerie","G","Green","{G}","false","Dominaria's Zoo"
"Thallid","Creature - Fungus","G","Green","{G}","false","Thallid Lair"
"Timber Wolves","Creature - Wolf","G","Green","{G}","false","Lure Them In"
"Argothian Pixies","Creature - Faerie","G","Green","{1}{G}","false","Forest Ire"
"Elvish Farmer","Creature - Elf","G","Green","{1}{G}","false","Thallid Lair"
"Emerald Dragonfly","Creature - Insect","G","Green","{1}{G}","false","Forest Ire"
"People of the Woods","Creature - Human","G","Green","{G}{G}","false","Forest Ire"
"Spore Flower","Creature - Fungus","G","Green","{G}{G}","false","Thallid Lair"
"Whirling Dervish","Creature - Human Monk","G","Green","{G}{G}","false","Lure Them In"
"Cat Warriors","Creature - Cat Warrior","G","Green","{1}{G}{G}","false","Lure Them In"
"Spitting Slug","Creature - Slug","G","Green","{1}{G}{G}","false","Lure Them In"
"Thorn Thallid","Creature - Fungus","G","Green","{1}{G}{G}","false","Thallid Lair"
"Wall of Brambles","Creature - Plant Wall","G","Green","{2}{G}","false","Thallid Lair"
"Wall of Ice","Creature - Wall","G","Green","{2}{G}","false","Thallid Lair"
"Erhnam Djinn","Creature - Djinn","G","Green","{3}{G}","false","Forest Ire"
"Erhnam Djinn","Creature - Djinn","G","Green","{3}{G}","false","Dominaria's Zoo"
"Giant Spider","Creature - Spider","G","Green","{3}{G}","false","Forest Ire"
"War Mammoth","Creature - Elephant","G","Green","{3}{G}","false","Lure Them In"
"Cockatrice","Creature - Cockatrice","G","Green","{3}{G}{G}","false","Forest Ire"
"Thicket Basilisk","Creature - Basilisk","G","Green","{3}{G}{G}","false","Lure Them In"
"Feral Thallid","Creature - Fungus","G","Green","{3}{G}{G}{G}","false","Thallid Lair"
"Force of Nature","Creature - Elemental","G","Green","{2}{G}{G}{G}{G}","false","Forest Ire"
"Fog","Instant","G","Green","{G}","false","Thallid Lair"
"Giant Growth","Instant","G","Green","{G}","false","Forest Ire"
"Giant Growth","Instant","G","Green","{G}","false","Dominaria's Zoo"
"Spore Cloud","Instant","G","Green","{1}{G}{G}","false","Thallid Lair"
"Storm Seeker","Instant","G","Green","{3}{G}","false","Thallid Lair"
"Metamorphosis","Sorcery","G","Green","{G}","false","Thallid Lair"
"Channel","Sorcery","G","Green","{G}{G}","false","Dominaria's Zoo"
"Regrowth","Sorcery","G","Green","{1}{G}","false","Lure Them In"
"Concordant Crossroads","World Enchantment","G","Green","{G}","false","Dominaria's Zoo"
"Wild Growth","Enchantment - Aura","G","Green","{G}","false","Forest Ire"
"Wild Growth","Enchantment - Aura","G","Green","{G}","false","Dominaria's Zoo"
"Aspect of Wolf","Enchantment - Aura","G","Green","{1}{G}","false","Forest Ire"
"Fungal Bloom","Enchantment","G","Green","{G}{G}","false","Thallid Lair"
"Lure","Enchantment - Aura","G","Green","{1}{G}{G}","false","Lure Them In"
"Venom","Enchantment - Aura","G","Green","{1}{G}{G}","false","Lure Them In"
"Living Lands","Enchantment","G","Green","{3}{G}","false","Forest Ire"
"Titania's Song","Enchantment","G","Green","{3}{G}","false","Titania's Army"
"Brass Man","Artifact Creature - Construct","","Colorless","{1}","false","Brother's War"
"Brass Man","Artifact Creature - Construct","","Colorless","{1}","false","Yawgmoth's Pets"
"Phyrexian War Beast","Artifact Creature - Phyrexian Beast","","Colorless","{3}","false","Brother's War"
"Yotian Soldier","Artifact Creature - Soldier","","Colorless","{3}","false","Brother's War"
"Dancing Scimitar","Artifact Creature - Spirit","","Colorless","{4}","false","Brother's War"
"Juggernaut","Artifact Creature - Juggernaut","","Colorless","{4}","false","Brother's War"
"Juggernaut","Artifact Creature - Juggernaut","","Colorless","{4}","false","Prodigal Voyage"
"Juggernaut","Artifact Creature - Juggernaut","","Colorless","{4}","false","Yawgmoth's Pets"
"Sentinel","Artifact Creature - Shapeshifter","","Colorless","{4}","false","Labryinth"
"Walking Wall","Artifact Creature - Wall","","Colorless","{4}","false","Labryinth"
"Clockwork Avian","Artifact Creature - Bird","","Colorless","{5}","false","Brother's War"
"Clockwork Beast","Artifact Creature - Beast","","Colorless","{6}","false","Brother's War"
"Tetravus","Artifact Creature - Construct","","Colorless","{6}","false","Yawgmoth's Pets"
"Diabolic Machine","Artifact Creature - Construct","","Colorless","{7}","false","Titania's Army"
"Fountain of Youth","Artifact","","Colorless","{0}","false","Labryinth"
"Lodestone Bauble","Artifact","","Colorless","{0}","false","Brother's War"
"Zuran Orb","Artifact","","Colorless","{0}","false","Brother's War"
"Ashnod's Transmogrant","Artifact","","Colorless","{1}","false","Lure Them In"
"Black Vise","Artifact","","Colorless","{1}","false","Desert Journey"
"Black Vise","Artifact","","Colorless","{1}","false","Titania's Army"
"Black Vise","Artifact","","Colorless","{1}","false","Yawgmoth's Pets"
"Meekstone","Artifact","","Colorless","{1}","false","Lure Them In"
"Sol Ring","Artifact","","Colorless","{1}","false","Titania's Army"
"The Rack","Artifact","","Colorless","{1}","false","Yawgmoth's Pets"
"Fellwar Stone","Artifact","","Colorless","{2}","false","Desert Journey"
"Fellwar Stone","Artifact","","Colorless","{2}","false","Yawgmoth's Pets"
"Howling Mine","Artifact","","Colorless","{2}","false","Brother's War"
"Jandor's Saddlebags","Artifact","","Colorless","{2}","false","Yawgmoth's Pets"
"Millstone","Artifact","","Colorless","{2}","false","Titania's Army"
"Relic Barrier","Artifact","","Colorless","{2}","false","Brother's War"
"Winter Orb","Artifact","","Colorless","{2}","false","Brother's War"
"Basalt Monolith","Artifact","","Colorless","{3}","false","Desert Journey"
"Disrupting Scepter","Artifact","","Colorless","{3}","false","Titania's Army"
"Dingus Egg","Artifact","","Colorless","{4}","false","Something Wicked This Wa"
"Horn of Deafening","Artifact","","Colorless","{4}","false","Titania's Army"
"Icy Manipulator","Artifact","","Colorless","{4}","false","Timmy's Spellbook"
"Icy Manipulator","Artifact","","Colorless","{4}","false","Titania's Army"
"Jayemdae Tome","Artifact","","Colorless","{4}","false","Titania's Army"
"Kormus Bell","Artifact","","Colorless","{4}","false","Yawgmoth's Pets"
"Nevinyrral's Disk","Artifact","","Colorless","{4}","false","Titania's Army"
"Rod of Ruin","Artifact","","Colorless","{4}","false","Titania's Army"
"War Barge","Artifact","","Colorless","{4}","false","Atlantis Rising"
"Serpent Generator","Artifact","","Colorless","{6}","false","Titania's Army"
"Scarwood Goblins","Creature - Goblin","RG","Multicolored","{R}{G}","false","Dominaria's Zoo"
"Tundra","Land - Plains Island","WU","Lands","","false","Labryinth"
"Badlands","Land - Swamp Mountain","BR","Lands","","false","Yawgmoth's Pets"
"Taiga","Land - Mountain Forest","RG","Lands","","false","Dominaria's Zoo"
"City of Brass","Land","","Lands","","false","Brother's War"
"Desert","Land - Desert","","Lands","","false","Desert Journey"
"Forest","Basic Land - Forest","G","Lands","","false","Thallid Lair"
"Forest","Basic Land - Forest","G","Lands","","false","Thallid Lair"
"Forest","Basic Land - Forest","G","Lands","","false","Thallid Lair"
"Forest","Basic Land - Forest","G","Lands","","false","Thallid Lair"
"Forest","Basic Land - Forest","G","Lands","","false","Thallid Lair"
"Forest","Basic Land - Forest","G","Lands","","false","Thallid Lair"
"Forest","Basic Land - Forest","G","Lands","","false","Thallid Lair"
"Forest","Basic Land - Forest","G","Lands","","false","Lure Them In"
"Forest","Basic Land - Forest","G","Lands","","false","Lure Them In"
"Forest","Basic Land - Forest","G","Lands","","false","Lure Them In"
"Forest","Basic Land - Forest","G","Lands","","false","Lure Them In"
"Forest","Basic Land - Forest","G","Lands","","false","Lure Them In"
"Forest","Basic Land - Forest","G","Lands","","false","Lure Them In"
"Forest","Basic Land - Forest","G","Lands","","false","Lure Them In"
"Forest","Basic Land - Forest","G","Lands","","false","Forest Ire"
"Forest","Basic Land - Forest","G","Lands","","false","Forest Ire"
"Forest","Basic Land - Forest","G","Lands","","false","Forest Ire"
"Forest","Basic Land - Forest","G","Lands","","false","Forest Ire"
"Forest","Basic Land - Forest","G","Lands","","false","Forest Ire"
"Forest","Basic Land - Forest","G","Lands","","false","Forest Ire"
"Forest","Basic Land - Forest","G","Lands","","false","Forest Ire"
"Forest","Basic Land - Forest","G","Lands","","false","Titania's Army"
"Forest","Basic Land - Forest","G","Lands","","false","Titania's Army"
"Forest","Basic Land - Forest","G","Lands","","false","Titania's Army"
"Forest","Basic Land - Forest","G","Lands","","false","Titania's Army"
"Forest","Basic Land - Forest","G","Lands","","false","Titania's Army"
"Forest","Basic Land - Forest","G","Lands","","false","Dominaria's Zoo"
"Forest","Basic Land - Forest","G","Lands","","false","Dominaria's Zoo"
"Forest","Basic Land - Forest","G","Lands","","false","Dominaria's Zoo"
"Forest","Basic Land - Forest","G","Lands","","false","Dominaria's Zoo"
"Island","Basic Land - Island","U","Lands","","false","Prodigal Voyage"
"Island","Basic Land - Island","U","Lands","","false","Prodigal Voyage"
"Island","Basic Land - Island","U","Lands","","false","Prodigal Voyage"
"Island","Basic Land - Island","U","Lands","","false","Prodigal Voyage"
"Island","Basic Land - Island","U","Lands","","false","Prodigal Voyage"
"Island","Basic Land - Island","U","Lands","","false","Prodigal Voyage"
"Island","Basic Land - Island","U","Lands","","false","Prodigal Voyage"
"Island","Basic Land - Island","U","Lands","","false","Prodigal Voyage"
"Island","Basic Land - Island","U","Lands","","false","Timmy's Spellbook"
"Island","Basic Land - Island","U","Lands","","false","Timmy's Spellbook"
"Island","Basic Land - Island","U","Lands","","false","Timmy's Spellbook"
"Island","Basic Land - Island","U","Lands","","false","Timmy's Spellbook"
"Island","Basic Land - Island","U","Lands","","false","Timmy's Spellbook"
"Island","Basic Land - Island","U","Lands","","false","Timmy's Spellbook"
"Island","Basic Land - Island","U","Lands","","false","Timmy's Spellbook"
"Island","Basic Land - Island","U","Lands","","false","Atlantis Rising"
"Island","Basic Land - Island","U","Lands","","false","Atlantis Rising"
"Island","Basic Land - Island","U","Lands","","false","Atlantis Rising"
"Island","Basic Land - Island","U","Lands","","false","Atlantis Rising"
"Island","Basic Land - Island","U","Lands","","false","Atlantis Rising"
"Island","Basic Land - Island","U","Lands","","false","Atlantis Rising"
"Island","Basic Land - Island","U","Lands","","false","Atlantis Rising"
"Island","Basic Land - Island","U","Lands","","false","Labryinth"
"Island","Basic Land - Island","U","Lands","","false","Labryinth"
"Island","Basic Land - Island","U","Lands","","false","Labryinth"
"Island","Basic Land - Island","U","Lands","","false","Labryinth"
"Mishra's Factory","Land","","Lands","","false","Brother's War"
"Mountain","Basic Land - Mountain","R","Lands","","false","Treacherous Pass"
"Mountain","Basic Land - Mountain","R","Lands","","false","Treacherous Pass"
"Mountain","Basic Land - Mountain","R","Lands","","false","Treacherous Pass"
"Mountain","Basic Land - Mountain","R","Lands","","false","Treacherous Pass"
"Mountain","Basic Land - Mountain","R","Lands","","false","Treacherous Pass"
"Mountain","Basic Land - Mountain","R","Lands","","false","Treacherous Pass"
"Mountain","Basic Land - Mountain","R","Lands","","false","Treacherous Pass"
"Mountain","Basic Land - Mountain","R","Lands","","false","Red Tide"
"Mountain","Basic Land - Mountain","R","Lands","","false","Red Tide"
"Mountain","Basic Land - Mountain","R","Lands","","false","Red Tide"
"Mountain","Basic Land - Mountain","R","Lands","","false","Red Tide"
"Mountain","Basic Land - Mountain","R","Lands","","false","Red Tide"
"Mountain","Basic Land - Mountain","R","Lands","","false","Red Tide"
"Mountain","Basic Land - Mountain","R","Lands","","false","Red Tide"
"Mountain","Basic Land - Mountain","R","Lands","","false","Red Tide"
"Mountain","Basic Land - Mountain","R","Lands","","false","Desert Journey"
"Mountain","Basic Land - Mountain","R","Lands","","false","Desert Journey"
"Mountain","Basic Land - Mountain","R","Lands","","false","Desert Journey"
"Mountain","Basic Land - Mountain","R","Lands","","false","Desert Journey"
"Mountain","Basic Land - Mountain","R","Lands","","false","Desert Journey"
"Mountain","Basic Land - Mountain","R","Lands","","false","Desert Journey"
"Mountain","Basic Land - Mountain","R","Lands","","false","Yawgmoth's Pets"
"Mountain","Basic Land - Mountain","R","Lands","","false","Yawgmoth's Pets"
"Mountain","Basic Land - Mountain","R","Lands","","false","Yawgmoth's Pets"
"Mountain","Basic Land - Mountain","R","Lands","","false","Dominaria's Zoo"
"Mountain","Basic Land - Mountain","R","Lands","","false","Dominaria's Zoo"
"Mountain","Basic Land - Mountain","R","Lands","","false","Dominaria's Zoo"
"Oasis","Land","","Lands","","false","Desert Journey"
"Plains","Basic Land - Plains","W","Lands","","false","Armageddon"
"Plains","Basic Land - Plains","W","Lands","","false","Armageddon"
"Plains","Basic Land - Plains","W","Lands","","false","Armageddon"
"Plains","Basic Land - Plains","W","Lands","","false","Armageddon"
"Plains","Basic Land - Plains","W","Lands","","false","Armageddon"
"Plains","Basic Land - Plains","W","Lands","","false","Armageddon"
"Plains","Basic Land - Plains","W","Lands","","false","Armageddon"
"Plains","Basic Land - Plains","W","Lands","","false","Armageddon"
"Plains","Basic Land - Plains","W","Lands","","false","Icatian Stronghold"
"Plains","Basic Land - Plains","W","Lands","","false","Icatian Stronghold"
"Plains","Basic Land - Plains","W","Lands","","false","Icatian Stronghold"
"Plains","Basic Land - Plains","W","Lands","","false","Icatian Stronghold"
"Plains","Basic Land - Plains","W","Lands","","false","Icatian Stronghold"
"Plains","Basic Land - Plains","W","Lands","","false","Icatian Stronghold"
"Plains","Basic Land - Plains","W","Lands","","false","Icatian Stronghold"
"Plains","Basic Land - Plains","W","Lands","","false","Blessed Zealots"
"Plains","Basic Land - Plains","W","Lands","","false","Blessed Zealots"
"Plains","Basic Land - Plains","W","Lands","","false","Blessed Zealots"
"Plains","Basic Land - Plains","W","Lands","","false","Blessed Zealots"
"Plains","Basic Land - Plains","W","Lands","","false","Blessed Zealots"
"Plains","Basic Land - Plains","W","Lands","","false","Blessed Zealots"
"Plains","Basic Land - Plains","W","Lands","","false","Blessed Zealots"
"Plains","Basic Land - Plains","W","Lands","","false","Labryinth"
"Plains","Basic Land - Plains","W","Lands","","false","Labryinth"
"Plains","Basic Land - Plains","W","Lands","","false","Labryinth"
"Plains","Basic Land - Plains","W","Lands","","false","Blessed Zealots"
"Swamp","Basic Land - Swamp","B","Lands","","false","Something Wicked This Wa"
"Swamp","Basic Land - Swamp","B","Lands","","false","Something Wicked This Wa"
"Swamp","Basic Land - Swamp","B","Lands","","false","Something Wicked This Wa"
"Swamp","Basic Land - Swamp","B","Lands","","false","Something Wicked This Wa"
"Swamp","Basic Land - Swamp","B","Lands","","false","Something Wicked This Wa"
"Swamp","Basic Land - Swamp","B","Lands","","false","Something Wicked This Wa"
"Swamp","Basic Land - Swamp","B","Lands","","false","Something Wicked This Wa"
"Swamp","Basic Land - Swamp","B","Lands","","false","Something Wicked This Wa"
"Swamp","Basic Land - Swamp","B","Lands","","false","Thrull Pit"
"Swamp","Basic Land - Swamp","B","Lands","","false","Thrull Pit"
"Swamp","Basic Land - Swamp","B","Lands","","false","Thrull Pit"
"Swamp","Basic Land - Swamp","B","Lands","","false","Thrull Pit"
"Swamp","Basic Land - Swamp","B","Lands","","false","Thrull Pit"
"Swamp","Basic Land - Swamp","B","Lands","","false","Thrull Pit"
"Swamp","Basic Land - Swamp","B","Lands","","false","Thrull Pit"
"Swamp","Basic Land - Swamp","B","Lands","","false","Thrull Pit"
"Swamp","Basic Land - Swamp","B","Lands","","false","Walking Dead"
"Swamp","Basic Land - Swamp","B","Lands","","false","Walking Dead"
"Swamp","Basic Land - Swamp","B","Lands","","false","Walking Dead"
"Swamp","Basic Land - Swamp","B","Lands","","false","Walking Dead"
"Swamp","Basic Land - Swamp","B","Lands","","false","Walking Dead"
"Swamp","Basic Land - Swamp","B","Lands","","false","Walking Dead"
"Swamp","Basic Land - Swamp","B","Lands","","false","Walking Dead"
"Swamp","Basic Land - Swamp","B","Lands","","false","Walking Dead"
"Swamp","Basic Land - Swamp","B","Lands","","false","Yawgmoth's Pets"
"Swamp","Basic Land - Swamp","B","Lands","","false","Yawgmoth's Pets"
"Swamp","Basic Land - Swamp","B","Lands","","false","Yawgmoth's Pets"
"Swamp","Basic Land - Swamp","B","Lands","","false","Yawgmoth's Pets"
"Urza's Mine","Land - Urza's Mine","","Lands","","false","Brother's War"
"Urza's Mine","Land - Urza's Mine","","Lands","","false","Brother's War"
"Urza's Mine","Land - Urza's Mine","","Lands","","false","Titania's Army"
"Urza's Power Plant","Land - Urza's Power-Plant","","Lands","","false","Brother's War"
"Urza's Power Plant","Land - Urza's Power-Plant","","Lands","","false","Brother's War"
"Urza's Power Plant","Land - Urza's Power-Plant","","Lands","","false","Titania's Army"
"Urza's Tower","Land - Urza's Tower","","Lands","","false","Brother's War"
"Urza's Tower","Land - Urza's Tower","","Lands","","false","Brother's War"
"Urza's Tower","Land - Urza's Tower","","Lands","","false","Titania's Army"
