"name","Type","Color","Color Category","manacost","maybeboard","tags"
"Alseid of Life's Bounty","Enchantment Creature - Nymph","W","White","{W}","false","Enchantments 4"
"Esper Sentinel","Artifact Creature - Human Soldier","W","White","{W}","false","Equipment"
"Giant Killer","Creature - Human Peasant","W","White","{W}","false","Tapout 3"
"Giver of Runes","Creature - Kor Cleric","W","White","{W}","false","Tapout 2"
"Kytheon, Hero of Akros","Legendary Creature - Human Soldier","W","White","{W}","false","Aggro 2"
"Mikaeus, the Lunarch","Legendary Creature - Human Cleric","W","White","{X}{W}","false","Tapout 3"
"Soul Warden","Creature - Human Cleric","W","White","{W}","false","Lifegain 2"
"Speaker of the Heavens","Creature - Human Cleric","W","White","{W}","false","Angels"
"Student of Warfare","Creature - Human Knight","W","White","{W}","false","Aggro 1"
"Usher of the Fallen","Creature - Spirit Warrior","W","White","{W}","false","Aggro 1"
"Weathered Wayfarer","Creature - Human Nomad Cleric","W","White","{W}","false","Tapout 3"
"Adanto Vanguard","Creature - Vampire Soldier","W","White","{1}{W}","false","Aggro 1"
"Ajani's Pridemate","Creature - Cat Soldier","W","White","","false","Lifegain 2"
"Charming Prince","Creature - Human Noble","W","White","{1}{W}","false","Blink 2"
"Daxos, Blessed by the Sun","Legendary Enchantment Creature - Demigod","W","White","{W}{W}","false","Lifegain 2"
"Giada, Font of Hope","Legendary Creature - Angel","W","White","{1}{W}","false","Angels"
"Hanweir Militia Captain","Creature - Human Soldier","W","White","{1}{W}","false","Aggro 2"
"Kemba, Kha Enduring","Legendary Creature - Cat Cleric","W","White","{1}{W}","false","Equipment"
"Lion Sash","Artifact Creature - Equipment Cat","W","White","{1}{W}","false","Equipment"
"Luminarch Aspirant","Creature - Human Cleric","W","White","{1}{W}","false","Aggro 1"
"Resolute Reinforcements","Creature - Human Soldier","W","White","{1}{W}","false","Aggro 2"
"Seasoned Hallowblade","Creature - Human Warrior","W","White","{1}{W}","false","Tapout 3"
"Selfless Spirit","Creature - Spirit Cleric","W","White","{1}{W}","false","Lifegain 2"
"Spirited Companion","Enchantment Creature - Dog","W","White","{1}{W}","false","Blink 2"
"Starfield Mystic","Creature - Human Cleric","W","White","{1}{W}","false","Enchantments 4"
"Stoneforge Mystic","Creature - Kor Artificer","W","White","{1}{W}","false","Equipment"
"Thalia, Guardian of Thraben","Legendary Creature - Human Soldier","W","White","{1}{W}","false","Tapout 2"
"Tithe Taker","Creature - Human Soldier","W","White","{1}{W}","false","Aggro 1"
"Youthful Valkyrie","Creature - Angel","W","White","{1}{W}","false","Angels"
"Adeline, Resplendent Cathar","Legendary Creature - Human Knight","W","White","{1}{W}{W}","false","Tapout 2"
"Banisher Priest","Creature - Human Cleric","W","White","{1}{W}{W}","false","Lifegain 2"
"Blade Splicer","Creature - Phyrexian Human Artificer","W","White","{2}{W}","false","Blink 2"
"Brimaz, King of Oreskos","Legendary Creature - Cat Soldier","W","White","{1}{W}{W}","false","Aggro 2"
"Elite Spellbinder","Creature - Human Cleric","W","White","{2}{W}","false","Equipment"
"Flickerwisp","Creature - Elemental","W","White","{1}{W}{W}","false","Blink 2"
"Heliod, Sun-Crowned","Legendary Enchantment Creature - God","W","White","{2}{W}","false","Enchantments 4"
"Hero of Bretagard","Creature - Human Warrior","W","White","{2}{W}","false","Blink 3"
"Inspiring Overseer","Creature - Angel Cleric","W","White","{2}{W}","false","Angels"
"Kemba, Kha Regent","Legendary Creature - Cat Cleric","W","White","{1}{W}{W}","false","Equipment"
"Loran of the Third Path","Legendary Creature - Human Artificer","W","White","{2}{W}","false","Tapout 4"
"Mesa Enchantress","Creature - Human Druid","W","White","{1}{W}{W}","false","Enchantments 4"
"Militia Bugler","Creature - Human Soldier","W","White","{2}{W}","false","Blink 2"
"Resplendent Angel","Creature - Angel","W","White","{1}{W}{W}","false","Lifegain 2"
"Righteous Valkyrie","Creature - Angel Cleric","W","White","{2}{W}","false","Angels"
"Silverblade Paladin","Creature - Human Knight","W","White","{1}{W}{W}","false","Tapout 3"
"Skyclave Apparition","Creature - Kor Spirit","W","White","{1}{W}{W}","false","Blink 2"
"Stonecloaker","Creature - Gargoyle","W","White","{2}{W}","false","Tapout 3"
"Welcoming Vampire","Creature - Vampire","W","White","{2}{W}","false","Tapout 2"
"Archon of Sun's Grace","Creature - Archon","W","White","{2}{W}{W}","false","Enchantments 4"
"Emeria Angel","Creature - Angel","W","White","{2}{W}{W}","false","Angels"
"Felidar Guardian","Creature - Cat Beast","W","White","{3}{W}","false","Blink 2"
"Gisela, the Broken Blade","Legendary Creature - Angel Horror","W","White","{2}{W}{W}","false","Lifegain 2"
"Halvar, God of Battle","Legendary Creature - God","W","White","{2}{W}{W}","false","Equipment"
"Hero of Bladehold","Creature - Human Knight","W","White","{2}{W}{W}","false","Aggro 1"
"Palace Jailer","Creature - Human Soldier","W","White","{2}{W}{W}","false","Tapout 4"
"Serra Paragon","Creature - Angel","W","White","{2}{W}{W}","false","Tapout 2"
"Angel of Invention","Creature - Angel","W","White","{3}{W}{W}","false","Blink 2"
"Archangel of Thune","Creature - Angel","W","White","{3}{W}{W}","false","Lifegain 2"
"Baneslayer Angel","Creature - Angel","W","White","{3}{W}{W}","false","Tapout 2"
"God-Eternal Oketra","Legendary Creature - Zombie God","W","White","{3}{W}{W}","false","Tapout 3"
"Karmic Guide","Creature - Angel Spirit","W","White","{3}{W}{W}","false","Blink 3"
"Lyra Dawnbringer","Legendary Creature - Angel","W","White","{3}{W}{W}","false","Angels"
"Venerated Loxodon","Creature - Elephant Cleric","W","White","{4}{W}","false","Aggro 2"
"Steel Seraph","Artifact Creature - Angel","","White","{6}","false","Aggro 2"
"Sun Titan","Creature - Giant","W","White","{4}{W}{W}","false","Equipment"
"Yosei, the Morning Star","Legendary Creature - Dragon Spirit","W","White","{4}{W}{W}","false","Tapout 3"
"Bruna, the Fading Light","Legendary Creature - Angel Horror","W","White","{5}{W}{W}","false","Angels"
"Elspeth, Knight-Errant","Legendary Planeswalker - Elspeth","W","White","{2}{W}{W}","false","Tapout 2"
"Gideon, Ally of Zendikar","Legendary Planeswalker - Gideon","W","White","{2}{W}{W}","false","Aggro 1"
"Serra the Benevolent","Legendary Planeswalker - Serra","W","White","{2}{W}{W}","false","Angels"
"The Wandering Emperor","Legendary Planeswalker","W","White","{2}{W}{W}","false","Tapout 4"
"Elspeth Tirel","Legendary Planeswalker - Elspeth","W","White","{3}{W}{W}","false","Aggro 2"
"Elspeth, Sun's Champion","Legendary Planeswalker - Elspeth","W","White","{4}{W}{W}","false","Tapout 3"
"Cloudshift","Instant","W","White","{W}","false","Blink 3"
"Condemn","Instant","W","White","{W}","false","Lifegain 2"
"Ephemerate","Instant","W","White","{W}","false","Blink 2"
"Mana Tithe","Instant","W","White","{W}","false","Equipment"
"March of Otherworldly Light","Instant","W","White","{X}{W}","false","Aggro 2"
"Path to Exile","Instant","W","White","{W}","false","Equipment"
"Path to Exile","Instant","W","White","{W}","false","Angels"
"Unexpectedly Absent","Instant","W","White","{X}{W}{W}","false","Tapout 2"
"Crib Swap","Tribal Instant - Shapeshifter","W","White","{2}{W}","false","Angels"
"Generous Gift","Instant","W","White","{2}{W}","false","Blink 2"
"Declaration in Stone","Sorcery","W","White","{1}{W}","false","Tapout 3"
"Finale of Glory","Sorcery","W","White","{X}{W}{W}","false","Aggro 1"
"Winds of Abandon","Sorcery","W","White","{1}{W}","false","Tapout 2"
"Collective Effort","Sorcery","W","White","{1}{W}{W}","false","Aggro 2"
"Council's Judgment","Sorcery","W","White","{1}{W}{W}","false","Tapout 2"
"Wrath of God","Sorcery","W","White","{2}{W}{W}","false","Tapout 3"
"Spectral Procession","Sorcery","W","White","{2/W}{2/W}{2/W}","false","Lifegain 2"
"Mox Pearl","Artifact","","White","{0}","false","Blink 2"
"Mox Pearl","Artifact","","White","{0}","false","Enchantments 4"
"Mox Pearl","Artifact","","White","{0}","false","Equipment"
"Mox Pearl","Artifact","","White","{0}","false","Aggro 2"
"Mox Pearl","Artifact","W","White","{0}","false","Tapout 3"
"Mox Pearl","Artifact","W","White","{0}","false","Angels"
"Mox Pearl","Artifact","W","White","{0}","false","Aggro 1"
"Mox Pearl","Artifact","W","White","{0}","false","Lifegain 2"
"Mox Pearl","Artifact","W","White","{0}","false","Tapout 2"
"Legion's Landing","Legendary Enchantment","W","White","{W}","false","Aggro 2"
"Baffling End","Enchantment","W","White","{1}{W}","false","Blink 3"
"Dawn of Hope","Enchantment","W","White","{1}{W}","false","Lifegain 2"
"Ossification","Enchantment - Aura","W","White","{1}{W}","false","Aggro 1"
"Seal Away","Enchantment","W","White","{1}{W}","false","Enchantments 4"
"Seal of Cleansing","Enchantment","W","White","{1}{W}","false","Enchantments 4"
"Skrelv's Hive","Enchantment","W","White","{1}{W}","false","Aggro 1"
"The Birth of Meletis","Enchantment - Saga","W","White","{1}{W}","false","Enchantments 4"
"Banishing Light","Enchantment","W","White","{2}{W}","false","Enchantments 4"
"Glorious Anthem","Enchantment","W","White","{1}{W}{W}","false","Aggro 1"
"History of Benalia","Enchantment - Saga","W","White","{1}{W}{W}","false","Aggro 2"
"Touch the Spirit Realm","Enchantment","W","White","{2}{W}","false","Blink 2"
"Citadel Siege","Enchantment","W","White","{2}{W}{W}","false","Enchantments 4"
"Conclave Tribunal","Enchantment","W","White","{3}{W}","false","Aggro 2"
"Court of Grace","Enchantment","W","White","{2}{W}{W}","false","Enchantments 4"
"Starfield of Nyx","Enchantment","W","White","{4}{W}","false","Enchantments 4"
"Delver of Secrets","Creature - Human Wizard","U","Blue","{U}","false","Tempo 3"
"Faerie Seer","Creature - Faerie Wizard","U","Blue","{U}","false","Faeries"
"Mausoleum Wanderer","Creature - Spirit","U","Blue","{U}","false","Ninjas"
"Siren Stormtamer","Creature - Siren Pirate Wizard","U","Blue","{U}","false","Tempo 1"
"Spectral Sailor","Creature - Spirit Pirate","U","Blue","{U}","false","Tempo 2"
"Spectral Sailor","Creature - Spirit Pirate","U","Blue","{U}","false","Ninjas"
"Cloud of Faeries","Creature - Faerie","U","Blue","{1}{U}","false","Faeries"
"Faerie Mastermind","Creature - Faerie Rogue","U","Blue","{1}{U}","false","Faeries"
"Fblthp, the Lost","Legendary Creature - Homunculus","U","Blue","{1}{U}","false","Blink 1"
"Ghostly Pilferer","Creature - Spirit Rogue","U","Blue","{1}{U}","false","Tempo 2"
"Jace, Vryn's Prodigy","Legendary Creature - Human Wizard","U","Blue","{1}{U}","false","Draw cards 2"
"Ledger Shredder","Creature - Bird Advisor","U","Blue","{1}{U}","false","Draw cards"
"Looter il-Kor","Creature - Kor Rogue","U","Blue","{1}{U}","false","Draw cards"
"Mercurial Spelldancer","Creature - Phyrexian Rogue","U","Blue","{1}{U}","false","Tempo 1"
"Silver Myr","Artifact Creature - Myr","U","Blue","{2}","false","Artifacts 4"
"Snapcaster Mage","Creature - Human Wizard","U","Blue","{1}{U}","false","Tempo 3"
"Spellstutter Sprite","Creature - Faerie Wizard","U","Blue","{1}{U}","false","Faeries"
"The Reality Chip","Legendary Artifact Creature - Equipment Jellyfish","U","Blue","{1}{U}","false","Artifacts 4"
"Thing in the Ice","Creature - Horror","U","Blue","{1}{U}","false","Draw cards 2"
"Watcher for Tomorrow","Creature - Human Wizard","U","Blue","{1}{U}","false","Blink 3"
"Wharf Infiltrator","Creature - Human Horror","U","Blue","{1}{U}","false","Tempo 2"
"Aether Channeler","Creature - Human Wizard","U","Blue","{2}{U}","false","Blink 1"
"Alirios, Enraptured","Legendary Creature - Human","U","Blue","{2}{U}","false","Blink 1"
"Barrin, Tolarian Archmage","Legendary Creature - Human Wizard","U","Blue","{1}{U}{U}","false","Blink 1"
"Brazen Borrower","Creature - Faerie Rogue","U","Blue","{1}{U}{U}","false","Faeries"
"Brazen Borrower","Creature - Faerie Rogue","U","Blue","{1}{U}{U}","false","Tempo 1"
"Chrome Host Seedshark","Creature - Phyrexian Shark","U","Blue","{2}{U}","false","Tapout 1"
"Chrome Host Seedshark","Creature - Phyrexian Shark","U","Blue","{2}{U}","false","Tempo 3"
"Emry, Lurker of the Loch","Legendary Creature - Merfolk Wizard","U","Blue","{2}{U}","false","Artifacts 3"
"Hullbreacher","Creature - Merfolk Pirate","U","Blue","{2}{U}","false","Tempo 2"
"Man-o'-War","Creature - Jellyfish","U","Blue","{2}{U}","false","Tapout 1"
"Mist-Syndicate Naga","Creature - Naga Ninja","U","Blue","{2}{U}","false","Tempo 2"
"Mist-Syndicate Naga","Creature - Naga Ninja","U","Blue","{2}{U}","false","Ninjas"
"Nadir Kraken","Creature - Kraken","U","Blue","{1}{U}{U}","false","Draw cards"
"Pestermite","Creature - Faerie Rogue","U","Blue","{2}{U}","false","Faeries"
"Sai, Master Thopterist","Legendary Creature - Human Artificer","U","Blue","{2}{U}","false","Artifacts 4"
"Vendilion Clique","Legendary Creature - Faerie Wizard","U","Blue","{1}{U}{U}","false","Draw cards"
"Vendilion Clique","Legendary Creature - Faerie Wizard","U","Blue","{1}{U}{U}","false","Faeries"
"Clever Impersonator","Creature - Shapeshifter","U","Blue","{2}{U}{U}","false","Blink 1"
"Glen Elendra Archmage","Creature - Faerie Wizard","U","Blue","{3}{U}","false","Faeries"
"God-Eternal Kefnet","Legendary Creature - Zombie God","U","Blue","{2}{U}{U}","false","Tapout 1"
"Master of Waves","Creature - Merfolk Wizard","U","Blue","{3}{U}","false","Blink 1"
"Mistbind Clique","Creature - Faerie Wizard","U","Blue","{3}{U}","false","Faeries"
"Ninja of the Deep Hours","Creature - Human Ninja","U","Blue","{3}{U}","false","Ninjas"
"Phyrexian Metamorph","Artifact Creature - Phyrexian Shapeshifter","U","Blue","{3}{U/P}","false","Artifacts 3"
"Sakashima's Student","Creature - Human Ninja","U","Blue","{2}{U}{U}","false","Ninjas"
"Sower of Temptation","Creature - Faerie Wizard","U","Blue","{2}{U}{U}","false","Blink 3"
"Sower of Temptation","Creature - Faerie Wizard","U","Blue","{2}{U}{U}","false","Faeries"
"Subtlety","Creature - Elemental Incarnation","U","Blue","{2}{U}{U}","false","Draw cards"
"Thassa, Deep-Dwelling","Legendary Enchantment Creature - God","U","Blue","{3}{U}","false","Blink 1"
"Urza, Lord High Artificer","Legendary Creature - Human Artificer","U","Blue","{2}{U}{U}","false","Artifacts 3"
"Venser, Shaper Savant","Legendary Creature - Human Wizard","U","Blue","{2}{U}{U}","false","Tempo 1"
"Higure, the Still Wind","Legendary Creature - Human Ninja","U","Blue","{3}{U}{U}","false","Ninjas"
"Mulldrifter","Creature - Elemental","U","Blue","{4}{U}","false","Blink 1"
"Consecrated Sphinx","Creature - Sphinx","U","Blue","{4}{U}{U}","false","Tapout 1"
"Frost Titan","Creature - Giant","U","Blue","{4}{U}{U}","false","Blink 1"
"Kappa Cannoneer","Artifact Creature - Turtle Warrior","U","Blue","{5}{U}","false","Artifacts 4"
"Torrential Gearhulk","Artifact Creature - Construct","U","Blue","{4}{U}{U}","false","Draw cards 2"
"Murktide Regent","Creature - Dragon","U","Blue","{5}{U}{U}","false","Draw cards"
"Murktide Regent","Creature - Dragon","U","Blue","{5}{U}{U}","false","Tempo 2"
"Narset, Parter of Veils","Legendary Planeswalker - Narset","U","Blue","{1}{U}{U}","false","Draw cards 2"
"Jace, the Mind Sculptor","Legendary Planeswalker - Jace","U","Blue","{2}{U}{U}","false","Tapout 1"
"Teferi, Temporal Pilgrim","Legendary Planeswalker - Teferi","U","Blue","{3}{U}{U}","false","Draw cards"
"Ancestral Recall","Instant","U","Blue","{U}","false","Draw cards"
"Brainstorm","Instant","U","Blue","{U}","false","Tempo 3"
"Chain of Vapor","Instant","U","Blue","{U}","false","Tempo 2"
"Consider","Instant","U","Blue","{U}","false","Draw cards 2"
"Essence Flux","Instant","U","Blue","{U}","false","Blink 1"
"Pongify","Instant","U","Blue","{U}","false","Tempo 3"
"Rapid Hybridization","Instant","U","Blue","{U}","false","Artifacts 4"
"Spell Pierce","Instant","U","Blue","{U}","false","Faeries"
"Spell Pierce","Instant","U","Blue","{U}","false","Tempo 1"
"Suspend","Instant","U","Blue","{U}","false","Blink 3"
"Suspend","Instant","U","Blue","{U}","false","Tempo 1"
"Swan Song","Instant","U","Blue","{U}","false","Artifacts 4"
"Thought Scour","Instant","U","Blue","{U}","false","Draw cards"
"Vapor Snag","Instant","U","Blue","{U}","false","Tempo 1"
"Censor","Instant","U","Blue","{1}{U}","false","Tempo 2"
"Censor","Instant","U","Blue","{1}{U}","false","Artifacts 4"
"Counterspell","Instant","U","Blue","{U}{U}","false","Artifacts 3"
"Cyclonic Rift","Instant","U","Blue","{1}{U}","false","Tapout 1"
"Daze","Instant","U","Blue","{1}{U}","false","Tempo 3"
"Into the Roil","Instant","U","Blue","{1}{U}","false","Draw cards"
"Mana Drain","Instant","U","Blue","{U}{U}","false","Tapout 1"
"Mana Leak","Instant","U","Blue","{1}{U}","false","Faeries"
"Reality Shift","Instant","U","Blue","{1}{U}","false","Artifacts 3"
"Reject","Instant","U","Blue","{1}{U}","false","Tempo 3"
"Remand","Instant","U","Blue","{1}{U}","false","Draw cards 2"
"Force of Negation","Instant","U","Blue","{1}{U}{U}","false","Draw cards 2"
"Frantic Search","Instant","U","Blue","{2}{U}","false","Spellcast 5"
"Ghostly Flicker","Instant","U","Blue","{2}{U}","false","Blink 3"
"Metallic Rebuke","Instant","U","Blue","{2}{U}","false","Artifacts 3"
"Repulse","Instant","U","Blue","{2}{U}","false","Tempo 3"
"Supreme Will","Instant","U","Blue","{2}{U}","false","Draw cards 2"
"Cryptic Command","Instant","U","Blue","{1}{U}{U}{U}","false","Tempo 3"
"Fact or Fiction","Instant","U","Blue","{3}{U}","false","Draw cards 2"
"Force of Will","Instant","U","Blue","{3}{U}{U}","false","Tempo 2"
"Mystic Confluence","Instant","U","Blue","{3}{U}{U}","false","Draw cards 2"
"Commit // Memory","Instant","U","Blue","{3}{U} // {4}{U}{U}","false","Draw cards 2"
"Dig Through Time","Instant","U","Blue","{6}{U}{U}","false","Tempo 3"
"Gitaxian Probe","Sorcery","U","Blue","{U/P}","false","Tempo 2"
"Ponder","Sorcery","U","Blue","{U}","false","Tempo 1"
"Serum Visions","Sorcery","U","Blue","{U}","false","Tempo 3"
"Blue Sun's Twilight","Sorcery","U","Blue","{X}{U}{U}","false","Tempo 3"
"Chart a Course","Sorcery","U","Blue","{1}{U}","false","Tempo 2"
"Finale of Revelation","Sorcery","U","Blue","{X}{U}{U}","false","Tapout 1"
"Scour All Possibilities","Sorcery","U","Blue","{1}{U}","false","Tapout 1"
"Time Walk","Sorcery","U","Blue","{1}{U}","false","Tempo 1"
"Ravenform","Sorcery","U","Blue","{2}{U}","false","Blink 1"
"Flood of Tears","Sorcery","U","Blue","{4}{U}{U}","false","Tapout 1"
"Mox Sapphire","Artifact","","Blue","{0}","false","Blink 3"
"Mox Sapphire","Artifact","","Blue","{0}","false","Faeries"
"Mox Sapphire","Artifact","U","Blue","{0}","false","Draw cards 2"
"Mox Sapphire","Artifact","U","Blue","{0}","false","Tempo 2"
"Mox Sapphire","Artifact","U","Blue","{0}","false","Blink 1"
"Mox Sapphire","Artifact","U","Blue","{0}","false","Tapout 1"
"Mox Sapphire","Artifact","U","Blue","{0}","false","Artifacts 3"
"Mox Sapphire","Artifact","U","Blue","{0}","false","Artifacts 4"
"Mox Sapphire","Artifact","U","Blue","{0}","false","Ninjas"
"Mox Sapphire","Artifact","U","Blue","{0}","false","Tempo 3"
"Thopter Spy Network","Enchantment","U","Blue","{2}{U}{U}","false","Artifacts 4"
"Treachery","Enchantment - Aura","U","Blue","{3}{U}{U}","false","Tapout 1"
"Cauldron Familiar","Creature - Cat","B","Black","{B}","false","Sacrifice 5"
"Death's Shadow","Creature - Avatar","B","Black","{B}","false","Death's Shadow"
"Putrid Imp","Creature - Zombie Imp","B","Black","{B}","false","Reanimator 1"
"Stitcher's Supplier","Creature - Zombie","B","Black","{B}","false","Reanimator 2"
"Viscera Seer","Creature - Vampire Wizard","B","Black","{B}","false","Sacrifice 3"
"Blood Artist","Creature - Vampire","B","Black","{1}{B}","false","Sacrifice 3"
"Bloodghast","Creature - Vampire Spirit","B","Black","{B}{B}","false","Sacrifice 3"
"Dark Confidant","Creature - Human Wizard","B","Black","{1}{B}","false","Death's Shadow"
"Dauthi Voidwalker","Creature - Dauthi Rogue","B","Black","{B}{B}","false","Discard"
"Dusk Legion Zealot","Creature - Vampire Soldier","B","Black","{1}{B}","false","Sacrifice 3"
"Gifted Aetherborn","Creature - Aetherborn Vampire","B","Black","{B}{B}","false","Devotion"
"Kalastria Highborn","Creature - Vampire Shaman","B","Black","{B}{B}","false","Sacrifice 3"
"Kitesail Freebooter","Creature - Human Pirate","B","Black","{1}{B}","false","Reanimator 1"
"Mire Triton","Creature - Zombie Merfolk","B","Black","{1}{B}","false","Reanimator 2"
"Oona's Prowler","Creature - Faerie Rogue","B","Black","{1}{B}","false","Reanimator 1"
"Scourge of the Skyclaves","Creature - Demon","B","Black","{1}{B}","false","Death's Shadow"
"Tinybones, Trinket Thief","Legendary Creature - Skeleton Rogue","B","Black","{1}{B}","false","Discard"
"Tourach, Dread Cantor","Legendary Creature - Human Cleric","B","Black","{1}{B}","false","Discard"
"Tymaret, Chosen from Death","Legendary Enchantment Creature - Demigod","B","Black","{B}{B}","false","Devotion"
"Voldaren Bloodcaster","Creature - Vampire Wizard","B","Black","{1}{B}","false","Sacrifice 3"
"Murderous Rider","Creature - Zombie Knight","B","Black","{1}{B}{B}","false","Magecraft"
"Nighthawk Scavenger","Creature - Vampire Rogue","B","Black","{1}{B}{B}","false","Discard"
"Ophiomancer","Creature - Human Shaman","B","Black","{2}{B}","false","Sacrifice 5"
"Phyrexian Rager","Creature - Phyrexian Horror","B","Black","{2}{B}","false","Death's Shadow"
"Sedgemoor Witch","Creature - Human Warlock","B","Black","{2}{B}","false","Magecraft"
"Stinkweed Imp","Creature - Imp","B","Black","{2}{B}","false","Reanimator 2"
"Vampire Nighthawk","Creature - Vampire Shaman","B","Black","{1}{B}{B}","false","Devotion"
"Yahenni, Undying Partisan","Legendary Creature - Aetherborn Vampire","B","Black","{2}{B}","false","Sacrifice 3"
"Gonti, Lord of Luxury","Legendary Creature - Aetherborn Rogue","B","Black","{2}{B}{B}","false","Magecraft"
"Grief","Creature - Elemental Incarnation","B","Black","{2}{B}{B}","false","Devotion"
"Haunted Dead","Creature - Zombie","B","Black","{3}{B}","false","Reanimator 2"
"Rankle, Master of Pranks","Legendary Creature - Faerie Rogue","B","Black","{2}{B}{B}","false","Discard"
"Sheoldred, the Apocalypse","Legendary Creature - Phyrexian Praetor","B","Black","{2}{B}{B}","false","Tapout 4"
"Vile Entomber","Creature - Zombie Warlock","B","Black","{2}{B}{B}","false","Reanimator 1"
"Yawgmoth, Thran Physician","Legendary Creature - Human Cleric","B","Black","{2}{B}{B}","false","Sacrifice 3"
"Archfiend of Ifnir","Creature - Demon","B","Black","{3}{B}{B}","false","Reanimator 1"
"Doom Whisperer","Creature - Nightmare Demon","B","Black","{3}{B}{B}","false","Death's Shadow"
"Gray Merchant of Asphodel","Creature - Zombie","B","Black","{3}{B}{B}","false","Devotion"
"Street Wraith","Creature - Wraith","B","Black","{3}{B}{B}","false","Death's Shadow"
"Tergrid, God of Fright","Legendary Creature - God","B","Black","{3}{B}{B}","false","Discard"
"Throat Slitter","Creature - Rat Ninja","B","Black","{4}{B}","false","Ninjas"
"Extractor Demon","Creature - Demon","B","Black","{4}{B}{B}","false","Reanimator 2"
"Grave Titan","Creature - Giant","B","Black","{4}{B}{B}","false","Tapout 4"
"Noxious Gearhulk","Artifact Creature - Construct","B","Black","{4}{B}{B}","false","Devotion"
"Archfiend of Sorrows","Creature - Demon","B","Black","{5}{B}{B}","false","Reanimator 2"
"Sheoldred, Whispering One","Legendary Creature - Phyrexian Praetor","B","Black","{5}{B}{B}","false","Reanimator 1"
"Griselbrand","Legendary Creature - Demon","B","Black","{4}{B}{B}{B}{B}","false","Reanimator 1"
"Davriel, Rogue Shadowmage","Legendary Planeswalker - Davriel","B","Black","{2}{B}","false","Discard"
"Liliana of the Veil","Legendary Planeswalker - Liliana","B","Black","{1}{B}{B}","false","Discard"
"Liliana, the Last Hope","Legendary Planeswalker - Liliana","B","Black","{1}{B}{B}","false","Devotion"
"Professor Onyx","Legendary Planeswalker - Liliana","B","Black","{4}{B}{B}","false","Magecraft"
"Dark Ritual","Instant","B","Black","{B}","false","Discard"
"Entomb","Instant","B","Black","{B}","false","Reanimator 2"
"Fatal Push","Instant","B","Black","{B}","false","Tapout 4"
"March of Wretched Sorrow","Instant","B","Black","{X}{B}","false","Magecraft"
"Deadly Dispute","Instant","B","Black","{1}{B}","false","Sacrifice 5"
"Go for the Throat","Instant","B","Black","{1}{B}","false","Devotion"
"Infernal Grasp","Instant","B","Black","{1}{B}","false","Discard"
"Infernal Grasp","Instant","B","Black","{1}{B}","false","Death's Shadow"
"Plumb the Forbidden","Instant","B","Black","{1}{B}","false","Magecraft"
"Dismember","Instant","B","Black","{1}{B/P}{B/P}","false","Death's Shadow"
"Saw in Half","Instant","B","Black","{2}{B}","false","Devotion"
"Snuff Out","Instant","B","Black","{3}{B}","false","Magecraft"
"Bone Shards","Sorcery","B","Black","{B}","false","Sacrifice 3"
"Mind Twist","Sorcery","B","Black","{X}{B}","false","Discard"
"Reanimate","Sorcery","B","Black","{B}","false","Reanimator 1"
"Thoughtseize","Sorcery","B","Black","{B}","false","Death's Shadow"
"Collective Brutality","Sorcery","B","Black","{1}{B}","false","Reanimator 1"
"Exhume","Sorcery","B","Black","{1}{B}","false","Reanimator 1"
"Feed the Swarm","Sorcery","B","Black","{1}{B}","false","Magecraft"
"Hymn to Tourach","Sorcery","B","Black","{B}{B}","false","Tapout 4"
"Sign in Blood","Sorcery","B","Black","{B}{B}","false","Magecraft"
"Agadeem's Awakening","Sorcery","B","Black","{X}{B}{B}{B}","false","Death's Shadow"
"Discerning Taste","Sorcery","B","Black","{2}{B}","false","Reanimator 1"
"Inscription of Ruin","Sorcery","B","Black","{2}{B}","false","Discard"
"Soul Transfer","Sorcery","B","Black","{1}{B}{B}","false","Magecraft"
"Toxic Deluge","Sorcery","B","Black","{2}{B}","false","Death's Shadow"
"Victimize","Sorcery","B","Black","{2}{B}","false","Reanimator 2"
"Damnation","Sorcery","B","Black","{2}{B}{B}","false","Magecraft"
"Dread Return","Sorcery","B","Black","{2}{B}{B}","false","Reanimator 2"
"Command the Dreadhorde","Sorcery","B","Black","{4}{B}{B}","false","Devotion"
"Mox Jet","Artifact","","Black","{0}","false","Reanimator 2"
"Mox Jet","Artifact","","Black","{0}","false","Discard"
"Mox Jet","Artifact","","Black","{0}","false","Reanimator 1"
"Mox Jet","Artifact","B","Black","{0}","false","Sacrifice 3"
"Mox Jet","Artifact","B","Black","{0}","false","Magecraft"
"Mox Jet","Artifact","B","Black","{0}","false","Devotion"
"Animate Dead","Enchantment - Aura","B","Black","{1}{B}","false","Reanimator 1"
"The Meathook Massacre","Legendary Enchantment","B","Black","{X}{B}{B}","false","Sacrifice 3"
"Bastion of Remembrance","Enchantment","B","Black","{2}{B}","false","Sacrifice 3"
"Black Market Connections","Enchantment","B","Black","{2}{B}","false","Death's Shadow"
"Tymaret Calls the Dead","Enchantment - Saga","B","Black","{2}{B}","false","Reanimator 2"
"Underworld Connections","Enchantment - Aura","B","Black","{1}{B}{B}","false","Devotion"
"Dragon's Rage Channeler","Creature - Human Shaman","R","Red","{R}","false","Spellcast 5"
"Goblin Guide","Creature - Goblin Scout","R","Red","{R}","false","Burn 2"
"Goblin Welder","Creature - Goblin Artificer","R","Red","{R}","false","Artifacts 1"
"Grim Lavamancer","Creature - Human Wizard","R","Red","{R}","false","Burn 2"
"Monastery Swiftspear","Creature - Human Monk","R","Red","{R}","false","Burn 1"
"Ragavan, Nimble Pilferer","Legendary Creature - Monkey Pirate","R","Red","{R}","false","Spellcast 1"
"Soul-Scar Mage","Creature - Human Wizard","R","Red","{R}","false","Burn 1"
"Zurgo Bellstriker","Legendary Creature - Orc Warrior","R","Red","{R}","false","Burn 2"
"Abbot of Keral Keep","Creature - Human Monk","R","Red","{1}{R}","false","Kiki-Jiki"
"Battle Cry Goblin","Creature - Goblin","R","Red","{1}{R}","false","Goblins"
"Dark-Dweller Oracle","Creature - Goblin Shaman","R","Red","{1}{R}","false","Goblins"
"Dire Fleet Daredevil","Creature - Human Pirate","R","Red","{1}{R}","false","Kiki-Jiki"
"Dismissive Pyromancer","Creature - Human Wizard","R","Red","{1}{R}","false","Dragons 2"
"Electrostatic Field","Creature - Wall","R","Red","{1}{R}","false","Spellcast 1"
"Goblin Cratermaker","Creature - Goblin Warrior","R","Red","{1}{R}","false","Goblins"
"Goblin Piledriver","Creature - Goblin Warrior","R","Red","{1}{R}","false","Goblins"
"Magda, Brazen Outlaw","Legendary Creature - Dwarf Berserker","R","Red","{1}{R}","false","Dragons 2"
"Runaway Steam-Kin","Creature - Elemental","R","Red","{1}{R}","false","Burn 1"
"Satyr Firedancer","Enchantment Creature - Satyr","R","Red","{1}{R}","false","Burn 1"
"Scrapwork Mutt","Artifact Creature - Dog","R","Red","{2}","false","Artifacts 1"
"Tilonalli's Summoner","Creature - Human Shaman","R","Red","{1}{R}","false","Tokens 1"
"Viashino Pyromancer","Creature - Viashino Wizard","R","Red","{1}{R}","false","Burn 2"
"Young Pyromancer","Creature - Human Shaman","R","Red","{1}{R}","false","Spellcast 1"
"Bonecrusher Giant","Creature - Giant","R","Red","{2}{R}","false","Spellcast 1"
"Breya's Apprentice","Artifact Creature - Human Artificer","R","Red","{2}{R}","false","Artifacts 1"
"Chandra's Phoenix","Creature - Phoenix","R","Red","{1}{R}{R}","false","Burn 1"
"Dualcaster Mage","Creature - Human Wizard","R","Red","{1}{R}{R}","false","Spellcast 1"
"Gadrak, the Crown-Scourge","Legendary Creature - Dragon","R","Red","{2}{R}","false","Dragons 2"
"Goblin Rabblemaster","Creature - Goblin Warrior","R","Red","{2}{R}","false","Goblins"
"Krenko, Tin Street Kingpin","Legendary Creature - Goblin","R","Red","{2}{R}","false","Goblins"
"Legion Warboss","Creature - Goblin Soldier","R","Red","{2}{R}","false","Tokens 1"
"Patron of the Arts","Creature - Dragon Noble","R","Red","{2}{R}","false","Kiki-Jiki"
"Rampaging Ferocidon","Creature - Dinosaur","R","Red","{2}{R}","false","Burn 2"
"Seasoned Pyromancer","Creature - Human Shaman","R","Red","{1}{R}{R}","false","Tokens 1"
"Squee, Dubious Monarch","Legendary Creature - Goblin Noble","R","Red","{2}{R}","false","Goblins"
"Voldaren Thrillseeker","Creature - Vampire Warrior","R","Red","{2}{R}","false","Kiki-Jiki"
"Arclight Phoenix","Creature - Phoenix","R","Red","{3}{R}","false","Spellcast 3"
"Beetleback Chief","Creature - Goblin Warrior","R","Red","{2}{R}{R}","false","Goblins"
"Delina, Wild Mage","Legendary Creature - Elf Shaman","R","Red","{3}{R}","false","Kiki-Jiki"
"Flametongue Kavu","Creature - Kavu","R","Red","{3}{R}","false","Kiki-Jiki"
"Krenko, Mob Boss","Legendary Creature - Goblin Warrior","R","Red","{2}{R}{R}","false","Goblins"
"Leyline Tyrant","Creature - Dragon","R","Red","{2}{R}{R}","false","Dragons 2"
"Manaform Hellkite","Creature - Dragon","R","Red","{2}{R}{R}","false","Spellcast 1"
"Ogre Battledriver","Creature - Ogre Warrior","R","Red","{2}{R}{R}","false","Tokens 1"
"Pia and Kiran Nalaar","Legendary Creature - Human Artificer","R","Red","{2}{R}{R}","false","Tokens 1"
"Purphoros, God of the Forge","Legendary Enchantment Creature - God","R","Red","{3}{R}","false","Tokens 1"
"Thunderbreak Regent","Creature - Dragon","R","Red","{2}{R}{R}","false","Dragons 1"
"Verix Bladewing","Legendary Creature - Dragon","R","Red","{2}{R}{R}","false","Dragons 1"
"Furystoke Giant","Creature - Giant Warrior","R","Red","{3}{R}{R}","false","Tokens 1"
"Glorybringer","Creature - Dragon","R","Red","{3}{R}{R}","false","Dragons 1"
"Goblin Dark-Dwellers","Creature - Goblin","R","Red","{3}{R}{R}","false","Spellcast 3"
"Goldspan Dragon","Creature - Dragon","R","Red","{3}{R}{R}","false","Dragons 2"
"Kiki-Jiki, Mirror Breaker","Legendary Creature - Goblin Shaman","R","Red","{2}{R}{R}{R}","false","Kiki-Jiki"
"Siege-Gang Commander","Creature - Goblin","R","Red","{3}{R}{R}","false","Goblins"
"Stormbreath Dragon","Creature - Dragon","R","Red","{3}{R}{R}","false","Dragons 1"
"Terror of the Peaks","Creature - Dragon","R","Red","{3}{R}{R}","false","Dragons 2"
"Zealous Conscripts","Creature - Human Warrior","R","Red","{4}{R}","false","Kiki-Jiki"
"Freejam Regent","Creature - Cat Dragon","R","Red","{4}{R}{R}","false","Dragons 2"
"Inferno of the Star Mounts","Legendary Creature - Dragon","R","Red","{4}{R}{R}","false","Dragons 1"
"Bedlam Reveler","Creature - Devil Horror","R","Red","{6}{R}{R}","false","Spellcast 3"
"Chandra, Fire Artisan","Legendary Planeswalker - Chandra","R","Red","{2}{R}{R}","false","Burn 1"
"Chandra, Torch of Defiance","Legendary Planeswalker - Chandra","R","Red","{2}{R}{R}","false","Burn 2"
"Daretti, Scrap Savant","Legendary Planeswalker - Daretti","R","Red","{3}{R}","false","Artifacts 1"
"Burst Lightning","Instant","R","Red","{R}","false","Burn 2"
"Lava Dart","Instant","R","Red","{R}","false","Spellcast 3"
"Lightning Bolt","Instant","R","Red","{R}","false","Burn 1"
"Outnumber","Instant","R","Red","{R}","false","Tokens 1"
"Spikefield Hazard","Instant","R","Red","{R}","false","Spellcast 1"
"Tarfire","Kindred Instant - Goblin","R","Red","{R}","false","Goblins"
"Abrade","Instant","R","Red","{1}{R}","false","Kiki-Jiki"
"Abrade","Instant","R","Red","{1}{R}","false","Artifacts 1"
"Draconic Roar","Instant","R","Red","{1}{R}","false","Dragons 1"
"Dragon's Fire","Instant","R","Red","{1}{R}","false","Dragons 1"
"Incinerate","Instant","R","Red","{1}{R}","false","Burn 1"
"Lightning Strike","Instant","R","Red","{1}{R}","false","Burn 1"
"Magma Jet","Instant","R","Red","{1}{R}","false","Burn 1"
"Searing Spear","Instant","R","Red","{1}{R}","false","Burn 2"
"Char","Instant","R","Red","{2}{R}","false","Spellcast 3"
"Seething Song","Instant","R","Red","{2}{R}","false","Spellcast 3"
"Spit Flame","Instant","R","Red","{2}{R}","false","Dragons 2"
"Staggershock","Instant","R","Red","{2}{R}","false","Burn 1"
"Dead // Gone","Instant","R","Red","{R} // {2}{R}","false","Bloodbraid"
"Stoke the Flames","Instant","R","Red","{2}{R}{R}","false","Tokens 1"
"Fast // Furious","Instant","R","Red","{2}{R} // {3}{R}{R}","false","Dragons 1"
"Chain Lightning","Sorcery","R","Red","{R}","false","Burn 2"
"Devil's Play","Sorcery","R","Red","{X}{R}","false","Spellcast 1"
"Faithless Looting","Sorcery","R","Red","{R}","false","Spellcast 3"
"Firebolt","Sorcery","R","Red","{R}","false","Spellcast 1"
"Flame Slash","Sorcery","R","Red","{R}","false","Dragons 1"
"Magmatic Insight","Sorcery","R","Red","{R}","false","Dragons 1"
"Cathartic Reunion","Sorcery","R","Red","{1}{R}","false","Spellcast 3"
"Forbidden Friendship","Sorcery","R","Red","{1}{R}","false","Tokens 1"
"Lava Coil","Sorcery","R","Red","{1}{R}","false","Dragons 2"
"Mizzium Mortars","Sorcery","R","Red","{1}{R}","false","Spellcast 1"
"Obliterating Bolt","Sorcery","R","Red","{1}{R}","false","Spellcast 1"
"Collective Defiance","Sorcery","R","Red","{1}{R}{R}","false","Spellcast 3"
"Exquisite Firecraft","Sorcery","R","Red","{1}{R}{R}","false","Spellcast 1"
"Hordeling Outburst","Sorcery","R","Red","{1}{R}{R}","false","Tokens 1"
"Light Up the Stage","Sorcery","R","Red","{2}{R}","false","Burn 2"
"Nahiri's Warcrafting","Sorcery","R","Red","{1}{R}{R}","false","Spellcast 5"
"Rift Bolt","Sorcery","R","Red","{2}{R}","false","Burn 1"
"Seize the Spoils","Sorcery","R","Red","{2}{R}","false","Artifacts 1"
"Trash for Treasure","Sorcery","R","Red","{2}{R}","false","Artifacts 1"
"Wheel of Fortune","Sorcery","R","Red","{2}{R}","false","Spellcast 5"
"Mizzix's Mastery","Sorcery","R","Red","{3}{R}","false","Spellcast 3"
"Throes of Chaos","Sorcery","R","Red","{3}{R}","false","Spellcast 5"
"Mox Ruby","Artifact","","Red","{0}","false","Goblins"
"Mox Ruby","Artifact","","Red","{0}","false","Kiki-Jiki"
"Mox Ruby","Artifact","","Red","{0}","false","Dragons 2"
"Mox Ruby","Artifact","","Red","{0}","false","Spellcast 1"
"Mox Ruby","Artifact","R","Red","{0}","false","Artifacts 1"
"Mox Ruby","Artifact","R","Red","{0}","false","Tokens 1"
"Mox Ruby","Artifact","R","Red","{0}","false","Spellcast 3"
"Mox Ruby","Artifact","R","Red","{0}","false","Burn 2"
"Mox Ruby","Artifact","R","Red","{0}","false","Burn 1"
"Mox Ruby","Artifact","R","Red","{0}","false","Sacrifice 5"
"Mox Ruby","Artifact","R","Red","{0}","false","Spellcast 5"
"Mox Ruby","Artifact","R","Red","{0}","false","Dragons 1"
"Seal of Fire","Enchantment","R","Red","{R}","false","Spellcast 5"
"Aria of Flame","Enchantment","R","Red","{2}{R}","false","Spellcast 3"
"Fable of the Mirror-Breaker","Enchantment - Saga","R","Red","{2}{R}","false","Kiki-Jiki"
"Sulfuric Vortex","Enchantment","R","Red","{1}{R}{R}","false","Burn 2"
"Allosaurus Shepherd","Creature - Elf Shaman","G","Green","{G}","false","Elves 2"
"Ascendant Packleader","Creature - Wolf","G","Green","{G}","false","Counters 1"
"Birds of Paradise","Creature - Bird","G","Green","{G}","false","Ramp 3"
"Elvish Mystic","Creature - Elf Druid","G","Green","{G}","false","Elves"
"Experiment One","Creature - Human Ooze","G","Green","{G}","false","Counters 1"
"Fyndhorn Elves","Creature - Elf Druid","G","Green","{G}","false","Ramp 1"
"Hexdrinker","Creature - Snake","G","Green","{G}","false","Stompy"
"Joraga Treespeaker","Creature - Elf Druid","G","Green","{G}","false","Elves 2"
"Llanowar Elves","Creature - Elf Druid","G","Green","","false","Elves 2"
"Pelt Collector","Creature - Elf Warrior","G","Green","{G}","false","Counters 2"
"Deeproot Wayfinder","Creature - Merfolk Scout","G","Green","{1}{G}","false","Bloodbraid"
"Den Protector","Creature - Human Warrior","G","Green","{1}{G}","false","Stompy"
"Duskwatch Recruiter","Creature - Human Warrior Werewolf","G","Green","{1}{G}","false","Stompy"
"Dwynen's Elite","Creature - Elf Warrior","G","Green","{1}{G}","false","Elves"
"Elvish Visionary","Creature - Elf Shaman","G","Green","{1}{G}","false","Elves 2"
"Elvish Warmaster","Creature - Elf Warrior","G","Green","{1}{G}","false","Elves"
"Gyre Sage","Creature - Elf Druid","G","Green","{1}{G}","false","Counters 1"
"Incubation Druid","Creature - Elf Druid","G","Green","{1}{G}","false","Ramp 3"
"Leaf-Crowned Visionary","Creature - Elf Druid","G","Green","{G}{G}","false","Elves 2"
"Pollenbright Druid","Creature - Elf Druid","G","Green","{1}{G}","false","Counters 2"
"Rofellos, Llanowar Emissary","Legendary Creature - Elf Druid","G","Green","{G}{G}","false","Ramp 1"
"Sakura-Tribe Elder","Creature - Snake Shaman","G","Green","{1}{G}","false","Ramp 2"
"Scavenging Ooze","Creature - Ooze","G","Green","{1}{G}","false","Counters 2"
"Tarmogoyf","Creature - Lhurgoyf","G","Green","{1}{G}","false","Bloodbraid"
"Voracious Hydra","Creature - Hydra","G","Green","{X}{G}{G}","false","Counters 1"
"Woodland Champion","Creature - Elf Scout","G","Green","{1}{G}","false","Elves"
"Augur of Autumn","Creature - Human Druid","G","Green","{1}{G}{G}","false","Stompy"
"Champion of Lambholt","Creature - Human Warrior","G","Green","{1}{G}{G}","false","Stompy"
"Courser of Kruphix","Enchantment Creature - Centaur","G","Green","{1}{G}{G}","false","Ramp 3"
"Dryad of the Ilysian Grove","Enchantment Creature - Nymph Dryad","G","Green","{2}{G}","false","Ramp 1"
"Elvish Archdruid","Creature - Elf Druid","G","Green","{1}{G}{G}","false","Elves 2"
"Imperious Perfect","Creature - Elf Warrior","G","Green","{2}{G}","false","Elves"
"Llanowar Visionary","Creature - Elf Druid","G","Green","{2}{G}","false","Elves 2"
"Lovestruck Beast","Creature - Beast Noble","G","Green","{2}{G}","false","Stompy"
"Managorger Hydra","Creature - Hydra","G","Green","{2}{G}","false","Counters 1"
"Marwyn, the Nurturer","Legendary Creature - Elf Druid","G","Green","{2}{G}","false","Elves"
"Reclamation Sage","Creature - Elf Shaman","G","Green","{2}{G}","false","Ramp 3"
"Rishkar, Peema Renegade","Legendary Creature - Elf Druid","G","Green","{2}{G}","false","Counters 2"
"Tireless Tracker","Creature - Human Scout","G","Green","{2}{G}","false","Ramp 2"
"Beast Whisperer","Creature - Elf Druid","G","Green","{2}{G}{G}","false","Elves"
"Oracle of Mul Daya","Creature - Elf Shaman","G","Green","{3}{G}","false","Ramp 2"
"Questing Beast","Legendary Creature - Beast","G","Green","{2}{G}{G}","false","Stompy"
"Ulvenwald Oddity","Creature - Beast","G","Green","{2}{G}{G}","false","Ramp 1"
"Ashaya, Soul of the Wild","Legendary Creature - Elemental","G","Green","{3}{G}{G}","false","Ramp 2"
"Biogenic Ooze","Creature - Ooze","G","Green","{3}{G}{G}","false","Counters 2"
"Deep Forest Hermit","Creature - Elf Druid","G","Green","{3}{G}{G}","false","Elves"
"Deranged Hermit","Creature - Elf","G","Green","{3}{G}{G}","false","Elves 2"
"Elder Gargaroth","Creature - Beast","G","Green","{3}{G}{G}","false","Ramp 3"
"Kalonian Hydra","Creature - Hydra","G","Green","{3}{G}{G}","false","Counters 1"
"Thragtusk","Creature - Beast","G","Green","{4}{G}","false","Ramp 3"
"Verdurous Gearhulk","Artifact Creature - Construct","G","Green","{3}{G}{G}","false","Ramp 1"
"Wolfir Silverheart","Creature - Wolf Warrior","G","Green","{3}{G}{G}","false","Stompy"
"Kogla, the Titan Ape","Legendary Creature - Ape","G","Green","{3}{G}{G}{G}","false","Stompy"
"Multani, Yavimaya's Avatar","Legendary Creature - Elemental Avatar","G","Green","{4}{G}{G}","false","Ramp 2"
"Rampaging Baloths","Creature - Beast","G","Green","{4}{G}{G}","false","Ramp 2"
"Vorinclex, Monstrous Raider","Legendary Creature - Phyrexian Praetor","G","Green","{4}{G}{G}","false","Counters 2"
"Avenger of Zendikar","Creature - Elemental","G","Green","{5}{G}{G}","false","Bloodbraid"
"Cultivator Colossus","Creature - Plant Beast","G","Green","{4}{G}{G}{G}","false","Ramp 1"
"Titan of Industry","Creature - Elemental","G","Green","{4}{G}{G}{G}","false","Ramp 3"
"Craterhoof Behemoth","Creature - Beast","G","Green","{5}{G}{G}{G}","false","Elves"
"Nissa, Voice of Zendikar","Legendary Planeswalker - Nissa","G","Green","{1}{G}{G}","false","Counters 1"
"Garruk, Unleashed","Legendary Planeswalker - Garruk","G","Green","{2}{G}{G}","false","Counters 1"
"Nissa, Who Shakes the World","Legendary Planeswalker - Nissa","G","Green","{3}{G}{G}","false","Ramp 1"
"Nissa, Ascended Animist","Legendary Planeswalker - Nissa","G","Green","{3}{G}{G}{G/P}{G/P}","false","Ramp 2"
"Berserk","Instant","G","Green","{G}","false","Stompy"
"Inscription of Abundance","Instant","G","Green","{1}{G}","false","Counters 1"
"Ram Through","Instant","G","Green","{1}{G}","false","Ramp 1"
"Titanic Brawl","Instant","G","Green","{1}{G}","false","Counters 1"
"Beast Within","Instant","G","Green","{2}{G}","false","Ramp 1"
"Chord of Calling","Instant","G","Green","{X}{G}{G}{G}","false","Ramp 3"
"Khalni Ambush","Instant","G","Green","{2}{G}","false","Ramp 2"
"Crashing Footfalls","Sorcery","G","Green","","false","Bloodbraid"
"Green Sun's Zenith","Sorcery","G","Green","{X}{G}","false","Elves"
"Primal Might","Sorcery","G","Green","{X}{G}","false","Stompy"
"Primal Might","Sorcery","G","Green","{X}{G}","false","Counters 2"
"Rabid Bite","Sorcery","G","Green","{1}{G}","false","Counters 2"
"Cultivate","Sorcery","G","Green","{2}{G}","false","Ramp 2"
"Kodama's Reach","Sorcery - Arcane","G","Green","{2}{G}","false","Ramp 1"
"Search for Tomorrow","Sorcery","G","Green","{2}{G}","false","Bloodbraid"
"Mox Emerald","Artifact","","Green","{0}","false","Stompy"
"Mox Emerald","Artifact","","Green","{0}","false","Counters 2"
"Mox Emerald","Artifact","G","Green","{0}","false","Counters 1"
"Mox Emerald","Artifact","G","Green","{0}","false","Elves"
"Mox Emerald","Artifact","G","Green","{0}","false","Ramp 2"
"Mox Emerald","Artifact","G","Green","{0}","false","Ramp 1"
"Mox Emerald","Artifact","G","Green","{0}","false","Ramp 3"
"Mox Emerald","Artifact","G","Green","{0}","false","Elves 2"
"Esika's Chariot","Legendary Artifact - Vehicle","G","Green","{3}{G}","false","Ramp 3"
"The Great Henge","Legendary Artifact","G","Green","{7}{G}{G}","false","Ramp 3"
"Fastbond","Enchantment","G","Green","{G}","false","Ramp 2"
"Hardened Scales","Enchantment","G","Green","{G}","false","Counters 1"
"Ranger Class","Enchantment - Class","G","Green","{1}{G}","false","Counters 2"
"Invasion of Ikoria","Battle - Siege","G","Green","{X}{G}{G}","false","Elves 2"
"Hangarback Walker","Artifact Creature - Construct","","Colorless","{X}{X}","false","Counters 2"
"Stonecoil Serpent","Artifact Creature - Snake","","Colorless","{X}","false","Artifacts 3"
"Walking Ballista","Artifact Creature - Construct","","Colorless","{X}{X}","false","Counters 1"
"Crystalline Giant","Artifact Creature - Giant","","Colorless","{3}","false","Artifacts 4"
"Foundry Inspector","Artifact Creature - Construct","","Colorless","{3}","false","Artifacts 3"
"Solemn Simulacrum","Artifact Creature - Golem","","Colorless","{4}","false","Artifacts 1"
"Wurmcoil Engine","Artifact Creature - Phyrexian Wurm","","Colorless","{6}","false","Artifacts 3"
"Myr Battlesphere","Artifact Creature - Myr Construct","","Colorless","{7}","false","Artifacts 3"
"Karn, Scion of Urza","Legendary Planeswalker - Karn","","Colorless","{4}","false","Artifacts 4"
"Mana Crypt","Artifact","","Colorless","{0}","false","Death's Shadow"
"Mishra's Bauble","Artifact","","Colorless","{0}","false","Spellcast 5"
"Retrofitter Foundry","Artifact","","Colorless","{1}","false","Artifacts 3"
"Sensei's Divining Top","Artifact","","Colorless","{1}","false","Artifacts 3"
"Shadowspear","Legendary Artifact - Equipment","","Colorless","{1}","false","Lifegain 2"
"Sol Ring","Artifact","","Colorless","{1}","false","Bloodbraid"
"The Ozolith","Legendary Artifact","","Colorless","{1}","false","Counters 2"
"The Underworld Cookbook","Artifact","","Colorless","{1}","false","Sacrifice 5"
"Witch's Oven","Artifact","","Colorless","{1}","false","Sacrifice 5"
"Grim Monolith","Artifact","","Colorless","{2}","false","Artifacts 1"
"Shrine of Burning Rage","Artifact","","Colorless","{2}","false","Burn 2"
"Smuggler's Copter","Artifact - Vehicle","","Colorless","{2}","false","Draw cards"
"Treasure Map","Artifact","","Colorless","{2}","false","Dragons 2"
"Umezawa's Jitte","Legendary Artifact - Equipment","","Colorless","{2}","false","Tempo 1"
"Coalition Relic","Artifact","","Colorless","{3}","false","Dragons 1"
"Dragon's Hoard","Artifact","","Colorless","{3}","false","Dragons 2"
"Mirage Mirror","Artifact","","Colorless","{3}","false","Artifacts 4"
"Sword of Body and Mind","Artifact - Equipment","","Colorless","{3}","false","Tapout 2"
"Sword of Feast and Famine","Artifact - Equipment","","Colorless","{3}","false","Tempo 2"
"Sword of Fire and Ice","Artifact - Equipment","","Colorless","{3}","false","Equipment"
"Sword of Hearth and Home","Artifact - Equipment","","Colorless","{3}","false","Blink 1"
"Thran Dynamo","Artifact","","Colorless","{4}","false","Artifacts 1"
"Batterskull","Artifact - Equipment","","Colorless","{5}","false","Equipment"
"The Mightstone and Weakstone","Legendary Artifact - Powerstone","","Colorless","{5}","false","Artifacts 4"
"Kaldra Compleat","Legendary Artifact - Equipment","","Colorless","{7}","false","Artifacts 1"
"Portal to Phyrexia","Artifact","","Colorless","{9}","false","Artifacts 1"
"Judge's Familiar","Creature - Bird","UW","Multicolored","{W/U}","false","Ninjas"
"Momentary Blink","Instant","W","Multicolored","{1}{W}","false","Blink 3"
"Talisman of Progress","Artifact","","Multicolored","{2}","false","Blink 3"
"Soulherder","Creature - Spirit","UW","Multicolored","{1}{W}{U}","false","Blink 3"
"Venser, the Sojourner","Legendary Planeswalker - Venser","UW","Multicolored","{3}{W}{U}","false","Blink 3"
"Talisman of Dominance","Artifact","BU","Multicolored","{2}","false","Ninjas"
"Yuriko, the Tiger's Shadow","Legendary Creature - Human Ninja","BU","Multicolored","{1}{U}{B}","false","Ninjas"
"Ingenious Infiltrator","Creature - Vedalken Ninja","BU","Multicolored","{2}{U}{B}","false","Ninjas"
"Fallen Shinobi","Creature - Zombie Ninja","BU","Multicolored","{3}{U}{B}","false","Ninjas"
"Asmoranomardicadaistinaculdacar","Legendary Creature - Human Wizard","BR","Multicolored","","false","Sacrifice 5"
"Talisman of Indulgence","Artifact","BR","Multicolored","{2}","false","Sacrifice 5"
"Daretti, Ingenious Iconoclast","Legendary Planeswalker - Daretti","BR","Multicolored","{1}{B}{R}","false","Sacrifice 5"
"Kolaghan's Command","Instant","BR","Multicolored","{1}{B}{R}","false","Sacrifice 5"
"Mayhem Devil","Creature - Devil","BR","Multicolored","{1}{B}{R}","false","Sacrifice 5"
"Immersturm Predator","Creature - Vampire Dragon","BR","Multicolored","{2}{B}{R}","false","Sacrifice 5"
"Murderous Redcap","Creature - Goblin Assassin","BR","Multicolored","{2}{B/R}{B/R}","false","Kiki-Jiki"
"Ground Assault","Sorcery","GR","Multicolored","{R}{G}","false","Bloodbraid"
"Manamorphose","Instant","GR","Multicolored","{1}{R/G}","false","Spellcast 3"
"Talisman of Impulse","Artifact","GR","Multicolored","{2}","false","Bloodbraid"
"Bloodbraid Elf","Creature - Elf Berserker","GR","Multicolored","{2}{R}{G}","false","Bloodbraid"
"Phylath, World Sculptor","Legendary Creature - Elemental","GR","Multicolored","{4}{R}{G}","false","Bloodbraid"
"Thrash // Threat","Instant","GR","Multicolored","{R/G}{R/G} // {2}{R}{G}","false","Bloodbraid"
"Rhys the Redeemed","Legendary Creature - Elf Warrior","GW","Multicolored","{G/W}","false","Elves"
"Mercy Killing","Instant","GW","Multicolored","{2}{G/W}","false","Elves 2"
"Emiel the Blessed","Legendary Creature - Unicorn","W","Multicolored","{2}{W}{W}","false","Blink 2"
"Damn","Sorcery","B","Multicolored","{B}{B}","false","Tapout 4"
"Talisman of Hierarchy","Artifact","","Multicolored","{2}","false","Tapout 4"
"Tidehollow Sculler","Artifact Creature - Zombie","BW","Multicolored","{W}{B}","false","Tapout 4"
"Lurrus of the Dream-Den","Legendary Creature - Cat Nightmare","BW","Multicolored","{1}{W/B}{W/B}","false","Sacrifice 3"
"Vindicate","Sorcery","BW","Multicolored","{1}{W}{B}","false","Tapout 4"
"Expressive Iteration","Sorcery","RU","Multicolored","{U}{R}","false","Spellcast 5"
"Talisman of Creativity","Artifact","RU","Multicolored","{2}","false","Spellcast 5"
"Third Path Iconoclast","Creature - Human Monk","RU","Multicolored","{U}{R}","false","Spellcast 5"
"Saheeli, Sublime Artificer","Legendary Planeswalker - Saheeli","RU","Multicolored","{1}{U/R}{U/R}","false","Spellcast 5"
"Fire // Ice","Instant","RU","Multicolored","{1}{R} // {1}{U}","false","Spellcast 5"
"Tyvar Kell","Legendary Planeswalker - Tyvar","BG","Multicolored","{2}{G}{G}","false","Elves 2"
"Hogaak, Arisen Necropolis","Legendary Creature - Avatar","BG","Multicolored","{5}{B/G}{B/G}","false","Reanimator 2"
"Brutal Cathar","Creature - Human Soldier Werewolf","RW","Multicolored","{2}{W}","false","Aggro 1"
"Suspicious Stowaway","Creature - Human Rogue Werewolf","U","Multicolored","{1}{U}","false","Tempo 1"
"Cold-Eyed Selkie","Creature - Merfolk Rogue","GU","Multicolored","{1}{G/U}{G/U}","false","Tempo 1"
"Tundra","Land - Plains Island","","Lands","","false","Blink 3"
"Underground Sea","Land - Island Swamp","BU","Lands","","false","Ninjas"
"Badlands","Land - Swamp Mountain","BR","Lands","","false","Sacrifice 5"
"Taiga","Land - Mountain Forest","GR","Lands","","false","Bloodbraid"
"Scrubland","Land - Plains Swamp","","Lands","","false","Tapout 4"
"Volcanic Island","Land - Island Mountain","RU","Lands","","false","Spellcast 5"
"Ancient Tomb","Land","","Lands","","false","Death's Shadow"
"Bazaar of Baghdad","Land","","Lands","","false","Reanimator 2"
"Bloodstained Mire","Land","","Lands","","false","Sacrifice 5"
"Flooded Strand","Land","","Lands","","false","Blink 3"
"Forest","Basic Land - Forest","","Lands","","false","Stompy"
"Forest","Basic Land - Forest","","Lands","","false","Stompy"
"Forest","Basic Land - Forest","","Lands","","false","Stompy"
"Forest","Basic Land - Forest","","Lands","","false","Stompy"
"Forest","Basic Land - Forest","","Lands","","false","Stompy"
"Forest","Basic Land - Forest","","Lands","","false","Stompy"
"Forest","Basic Land - Forest","","Lands","","false","Stompy"
"Forest","Basic Land - Forest","","Lands","","false","Counters 2"
"Forest","Basic Land - Forest","","Lands","","false","Counters 2"
"Forest","Basic Land - Forest","","Lands","","false","Counters 2"
"Forest","Basic Land - Forest","","Lands","","false","Counters 2"
"Forest","Basic Land - Forest","","Lands","","false","Counters 2"
"Forest","Basic Land - Forest","","Lands","","false","Counters 2"
"Forest","Basic Land - Forest","","Lands","","false","Counters 2"
"Forest","Basic Land - Forest","G","Lands","","false","Counters 1"
"Forest","Basic Land - Forest","G","Lands","","false","Counters 1"
"Forest","Basic Land - Forest","G","Lands","","false","Counters 1"
"Forest","Basic Land - Forest","G","Lands","","false","Counters 1"
"Forest","Basic Land - Forest","G","Lands","","false","Counters 1"
"Forest","Basic Land - Forest","G","Lands","","false","Counters 1"
"Forest","Basic Land - Forest","G","Lands","","false","Elves"
"Forest","Basic Land - Forest","G","Lands","","false","Elves"
"Forest","Basic Land - Forest","G","Lands","","false","Elves"
"Forest","Basic Land - Forest","G","Lands","","false","Elves"
"Forest","Basic Land - Forest","G","Lands","","false","Elves"
"Forest","Basic Land - Forest","G","Lands","","false","Elves"
"Forest","Basic Land - Forest","G","Lands","","false","Ramp 2"
"Forest","Basic Land - Forest","G","Lands","","false","Ramp 2"
"Forest","Basic Land - Forest","G","Lands","","false","Ramp 2"
"Forest","Basic Land - Forest","G","Lands","","false","Ramp 2"
"Forest","Basic Land - Forest","G","Lands","","false","Ramp 2"
"Forest","Basic Land - Forest","G","Lands","","false","Ramp 2"
"Forest","Basic Land - Forest","G","Lands","","false","Ramp 2"
"Forest","Basic Land - Forest","G","Lands","","false","Ramp 2"
"Forest","Basic Land - Forest","G","Lands","","false","Bloodbraid"
"Forest","Basic Land - Forest","G","Lands","","false","Bloodbraid"
"Forest","Basic Land - Forest","G","Lands","","false","Bloodbraid"
"Forest","Basic Land - Forest","G","Lands","","false","Ramp 1"
"Forest","Basic Land - Forest","G","Lands","","false","Ramp 1"
"Forest","Basic Land - Forest","G","Lands","","false","Ramp 1"
"Forest","Basic Land - Forest","G","Lands","","false","Ramp 1"
"Forest","Basic Land - Forest","G","Lands","","false","Ramp 1"
"Forest","Basic Land - Forest","G","Lands","","false","Ramp 1"
"Forest","Basic Land - Forest","G","Lands","","false","Ramp 1"
"Forest","Basic Land - Forest","G","Lands","","false","Ramp 1"
"Forest","Basic Land - Forest","G","Lands","","false","Ramp 3"
"Forest","Basic Land - Forest","G","Lands","","false","Ramp 3"
"Forest","Basic Land - Forest","G","Lands","","false","Ramp 3"
"Forest","Basic Land - Forest","G","Lands","","false","Ramp 3"
"Forest","Basic Land - Forest","G","Lands","","false","Ramp 3"
"Forest","Basic Land - Forest","G","Lands","","false","Ramp 3"
"Forest","Basic Land - Forest","G","Lands","","false","Ramp 3"
"Forest","Basic Land - Forest","G","Lands","","false","Ramp 3"
"Forest","Basic Land - Forest","G","Lands","","false","Elves 2"
"Forest","Basic Land - Forest","G","Lands","","false","Elves 2"
"Forest","Basic Land - Forest","G","Lands","","false","Elves 2"
"Forest","Basic Land - Forest","G","Lands","","false","Elves 2"
"Forest","Basic Land - Forest","G","Lands","","false","Elves 2"
"Forest","Basic Land - Forest","G","Lands","","false","Elves 2"
"Forest","Basic Land - Forest","G","Lands","","false","Elves 2"
"Gaea's Cradle","Legendary Land","G","Lands","","false","Elves"
"Island","Basic Land - Island","","Lands","","false","Blink 3"
"Island","Basic Land - Island","","Lands","","false","Blink 3"
"Island","Basic Land - Island","","Lands","","false","Draw cards"
"Island","Basic Land - Island","","Lands","","false","Draw cards"
"Island","Basic Land - Island","","Lands","","false","Draw cards"
"Island","Basic Land - Island","","Lands","","false","Draw cards"
"Island","Basic Land - Island","","Lands","","false","Draw cards"
"Island","Basic Land - Island","","Lands","","false","Draw cards"
"Island","Basic Land - Island","","Lands","","false","Draw cards"
"Island","Basic Land - Island","","Lands","","false","Draw cards"
"Island","Basic Land - Island","","Lands","","false","Faeries"
"Island","Basic Land - Island","","Lands","","false","Faeries"
"Island","Basic Land - Island","","Lands","","false","Faeries"
"Island","Basic Land - Island","","Lands","","false","Faeries"
"Island","Basic Land - Island","","Lands","","false","Faeries"
"Island","Basic Land - Island","","Lands","","false","Faeries"
"Island","Basic Land - Island","","Lands","","false","Tempo 1"
"Island","Basic Land - Island","","Lands","","false","Tempo 1"
"Island","Basic Land - Island","","Lands","","false","Tempo 1"
"Island","Basic Land - Island","","Lands","","false","Tempo 1"
"Island","Basic Land - Island","","Lands","","false","Tempo 1"
"Island","Basic Land - Island","","Lands","","false","Tempo 1"
"Island","Basic Land - Island","","Lands","","false","Tempo 1"
"Island","Basic Land - Island","U","Lands","","false","Draw cards 2"
"Island","Basic Land - Island","U","Lands","","false","Draw cards 2"
"Island","Basic Land - Island","U","Lands","","false","Draw cards 2"
"Island","Basic Land - Island","U","Lands","","false","Draw cards 2"
"Island","Basic Land - Island","U","Lands","","false","Draw cards 2"
"Island","Basic Land - Island","U","Lands","","false","Draw cards 2"
"Island","Basic Land - Island","U","Lands","","false","Draw cards 2"
"Island","Basic Land - Island","U","Lands","","false","Tempo 2"
"Island","Basic Land - Island","U","Lands","","false","Tempo 2"
"Island","Basic Land - Island","U","Lands","","false","Tempo 2"
"Island","Basic Land - Island","U","Lands","","false","Tempo 2"
"Island","Basic Land - Island","U","Lands","","false","Tempo 2"
"Island","Basic Land - Island","U","Lands","","false","Tempo 2"
"Island","Basic Land - Island","U","Lands","","false","Blink 1"
"Island","Basic Land - Island","U","Lands","","false","Blink 1"
"Island","Basic Land - Island","U","Lands","","false","Blink 1"
"Island","Basic Land - Island","U","Lands","","false","Blink 1"
"Island","Basic Land - Island","U","Lands","","false","Blink 1"
"Island","Basic Land - Island","U","Lands","","false","Blink 1"
"Island","Basic Land - Island","U","Lands","","false","Tapout 1"
"Island","Basic Land - Island","U","Lands","","false","Tapout 1"
"Island","Basic Land - Island","U","Lands","","false","Tapout 1"
"Island","Basic Land - Island","U","Lands","","false","Tapout 1"
"Island","Basic Land - Island","U","Lands","","false","Tapout 1"
"Island","Basic Land - Island","U","Lands","","false","Tapout 1"
"Island","Basic Land - Island","U","Lands","","false","Tapout 1"
"Island","Basic Land - Island","U","Lands","","false","Artifacts 3"
"Island","Basic Land - Island","U","Lands","","false","Artifacts 3"
"Island","Basic Land - Island","U","Lands","","false","Artifacts 3"
"Island","Basic Land - Island","U","Lands","","false","Artifacts 3"
"Island","Basic Land - Island","U","Lands","","false","Artifacts 3"
"Island","Basic Land - Island","U","Lands","","false","Artifacts 3"
"Island","Basic Land - Island","U","Lands","","false","Artifacts 4"
"Island","Basic Land - Island","U","Lands","","false","Artifacts 4"
"Island","Basic Land - Island","U","Lands","","false","Artifacts 4"
"Island","Basic Land - Island","U","Lands","","false","Artifacts 4"
"Island","Basic Land - Island","U","Lands","","false","Artifacts 4"
"Island","Basic Land - Island","U","Lands","","false","Artifacts 4"
"Island","Basic Land - Island","U","Lands","","false","Ninjas"
"Island","Basic Land - Island","U","Lands","","false","Ninjas"
"Island","Basic Land - Island","U","Lands","","false","Ninjas"
"Island","Basic Land - Island","U","Lands","","false","Tempo 3"
"Island","Basic Land - Island","U","Lands","","false","Tempo 3"
"Island","Basic Land - Island","U","Lands","","false","Tempo 3"
"Island","Basic Land - Island","U","Lands","","false","Tempo 3"
"Island","Basic Land - Island","U","Lands","","false","Tempo 3"
"Island","Basic Land - Island","U","Lands","","false","Tempo 3"
"Island","Basic Land - Island","U","Lands","","false","Spellcast 5"
"Island","Basic Land - Island","U","Lands","","false","Spellcast 5"
"Mana Confluence","Land","","Lands","","false","Death's Shadow"
"Marsh Flats","Land","","Lands","","false","Tapout 4"
"Mountain","Basic Land - Mountain","","Lands","","false","Goblins"
"Mountain","Basic Land - Mountain","","Lands","","false","Goblins"
"Mountain","Basic Land - Mountain","","Lands","","false","Goblins"
"Mountain","Basic Land - Mountain","","Lands","","false","Goblins"
"Mountain","Basic Land - Mountain","","Lands","","false","Goblins"
"Mountain","Basic Land - Mountain","","Lands","","false","Goblins"
"Mountain","Basic Land - Mountain","","Lands","","false","Goblins"
"Mountain","Basic Land - Mountain","","Lands","","false","Kiki-Jiki"
"Mountain","Basic Land - Mountain","","Lands","","false","Kiki-Jiki"
"Mountain","Basic Land - Mountain","","Lands","","false","Kiki-Jiki"
"Mountain","Basic Land - Mountain","","Lands","","false","Kiki-Jiki"
"Mountain","Basic Land - Mountain","","Lands","","false","Kiki-Jiki"
"Mountain","Basic Land - Mountain","","Lands","","false","Kiki-Jiki"
"Mountain","Basic Land - Mountain","","Lands","","false","Kiki-Jiki"
"Mountain","Basic Land - Mountain","","Lands","","false","Dragons 2"
"Mountain","Basic Land - Mountain","","Lands","","false","Dragons 2"
"Mountain","Basic Land - Mountain","","Lands","","false","Dragons 2"
"Mountain","Basic Land - Mountain","","Lands","","false","Dragons 2"
"Mountain","Basic Land - Mountain","","Lands","","false","Dragons 2"
"Mountain","Basic Land - Mountain","","Lands","","false","Dragons 2"
"Mountain","Basic Land - Mountain","","Lands","","false","Dragons 2"
"Mountain","Basic Land - Mountain","","Lands","","false","Spellcast 1"
"Mountain","Basic Land - Mountain","","Lands","","false","Spellcast 1"
"Mountain","Basic Land - Mountain","","Lands","","false","Spellcast 1"
"Mountain","Basic Land - Mountain","","Lands","","false","Spellcast 1"
"Mountain","Basic Land - Mountain","","Lands","","false","Spellcast 1"
"Mountain","Basic Land - Mountain","","Lands","","false","Spellcast 1"
"Mountain","Basic Land - Mountain","R","Lands","","false","Artifacts 1"
"Mountain","Basic Land - Mountain","R","Lands","","false","Artifacts 1"
"Mountain","Basic Land - Mountain","R","Lands","","false","Artifacts 1"
"Mountain","Basic Land - Mountain","R","Lands","","false","Artifacts 1"
"Mountain","Basic Land - Mountain","R","Lands","","false","Artifacts 1"
"Mountain","Basic Land - Mountain","R","Lands","","false","Artifacts 1"
"Mountain","Basic Land - Mountain","R","Lands","","false","Tokens 1"
"Mountain","Basic Land - Mountain","R","Lands","","false","Tokens 1"
"Mountain","Basic Land - Mountain","R","Lands","","false","Tokens 1"
"Mountain","Basic Land - Mountain","R","Lands","","false","Tokens 1"
"Mountain","Basic Land - Mountain","R","Lands","","false","Tokens 1"
"Mountain","Basic Land - Mountain","R","Lands","","false","Tokens 1"
"Mountain","Basic Land - Mountain","R","Lands","","false","Tokens 1"
"Mountain","Basic Land - Mountain","R","Lands","","false","Bloodbraid"
"Mountain","Basic Land - Mountain","R","Lands","","false","Bloodbraid"
"Mountain","Basic Land - Mountain","R","Lands","","false","Spellcast 3"
"Mountain","Basic Land - Mountain","R","Lands","","false","Spellcast 3"
"Mountain","Basic Land - Mountain","R","Lands","","false","Spellcast 3"
"Mountain","Basic Land - Mountain","R","Lands","","false","Spellcast 3"
"Mountain","Basic Land - Mountain","R","Lands","","false","Spellcast 3"
"Mountain","Basic Land - Mountain","R","Lands","","false","Spellcast 3"
"Mountain","Basic Land - Mountain","R","Lands","","false","Burn 2"
"Mountain","Basic Land - Mountain","R","Lands","","false","Burn 2"
"Mountain","Basic Land - Mountain","R","Lands","","false","Burn 2"
"Mountain","Basic Land - Mountain","R","Lands","","false","Burn 2"
"Mountain","Basic Land - Mountain","R","Lands","","false","Burn 2"
"Mountain","Basic Land - Mountain","R","Lands","","false","Burn 2"
"Mountain","Basic Land - Mountain","R","Lands","","false","Burn 1"
"Mountain","Basic Land - Mountain","R","Lands","","false","Burn 1"
"Mountain","Basic Land - Mountain","R","Lands","","false","Burn 1"
"Mountain","Basic Land - Mountain","R","Lands","","false","Burn 1"
"Mountain","Basic Land - Mountain","R","Lands","","false","Burn 1"
"Mountain","Basic Land - Mountain","R","Lands","","false","Burn 1"
"Mountain","Basic Land - Mountain","R","Lands","","false","Sacrifice 5"
"Mountain","Basic Land - Mountain","R","Lands","","false","Sacrifice 5"
"Mountain","Basic Land - Mountain","R","Lands","","false","Spellcast 5"
"Mountain","Basic Land - Mountain","R","Lands","","false","Spellcast 5"
"Mountain","Basic Land - Mountain","R","Lands","","false","Dragons 1"
"Mountain","Basic Land - Mountain","R","Lands","","false","Dragons 1"
"Mountain","Basic Land - Mountain","R","Lands","","false","Dragons 1"
"Mountain","Basic Land - Mountain","R","Lands","","false","Dragons 1"
"Mountain","Basic Land - Mountain","R","Lands","","false","Dragons 1"
"Mountain","Basic Land - Mountain","R","Lands","","false","Dragons 1"
"Mountain","Basic Land - Mountain","R","Lands","","false","Dragons 1"
"Plains","Basic Land - Plains","","Lands","","false","Blink 3"
"Plains","Basic Land - Plains","","Lands","","false","Blink 3"
"Plains","Basic Land - Plains","","Lands","","false","Blink 2"
"Plains","Basic Land - Plains","","Lands","","false","Blink 2"
"Plains","Basic Land - Plains","","Lands","","false","Blink 2"
"Plains","Basic Land - Plains","","Lands","","false","Blink 2"
"Plains","Basic Land - Plains","","Lands","","false","Blink 2"
"Plains","Basic Land - Plains","","Lands","","false","Blink 2"
"Plains","Basic Land - Plains","","Lands","","false","Enchantments 4"
"Plains","Basic Land - Plains","","Lands","","false","Enchantments 4"
"Plains","Basic Land - Plains","","Lands","","false","Enchantments 4"
"Plains","Basic Land - Plains","","Lands","","false","Enchantments 4"
"Plains","Basic Land - Plains","","Lands","","false","Enchantments 4"
"Plains","Basic Land - Plains","","Lands","","false","Enchantments 4"
"Plains","Basic Land - Plains","","Lands","","false","Equipment"
"Plains","Basic Land - Plains","","Lands","","false","Equipment"
"Plains","Basic Land - Plains","","Lands","","false","Equipment"
"Plains","Basic Land - Plains","","Lands","","false","Equipment"
"Plains","Basic Land - Plains","","Lands","","false","Equipment"
"Plains","Basic Land - Plains","","Lands","","false","Equipment"
"Plains","Basic Land - Plains","","Lands","","false","Tapout 4"
"Plains","Basic Land - Plains","","Lands","","false","Tapout 4"
"Plains","Basic Land - Plains","","Lands","","false","Tapout 4"
"Plains","Basic Land - Plains","","Lands","","false","Aggro 2"
"Plains","Basic Land - Plains","","Lands","","false","Aggro 2"
"Plains","Basic Land - Plains","","Lands","","false","Aggro 2"
"Plains","Basic Land - Plains","","Lands","","false","Aggro 2"
"Plains","Basic Land - Plains","","Lands","","false","Aggro 2"
"Plains","Basic Land - Plains","","Lands","","false","Aggro 2"
"Plains","Basic Land - Plains","W","Lands","","false","Tapout 3"
"Plains","Basic Land - Plains","W","Lands","","false","Tapout 3"
"Plains","Basic Land - Plains","W","Lands","","false","Tapout 3"
"Plains","Basic Land - Plains","W","Lands","","false","Tapout 3"
"Plains","Basic Land - Plains","W","Lands","","false","Tapout 3"
"Plains","Basic Land - Plains","W","Lands","","false","Tapout 3"
"Plains","Basic Land - Plains","W","Lands","","false","Tapout 3"
"Plains","Basic Land - Plains","W","Lands","","false","Angels"
"Plains","Basic Land - Plains","W","Lands","","false","Angels"
"Plains","Basic Land - Plains","W","Lands","","false","Angels"
"Plains","Basic Land - Plains","W","Lands","","false","Angels"
"Plains","Basic Land - Plains","W","Lands","","false","Angels"
"Plains","Basic Land - Plains","W","Lands","","false","Angels"
"Plains","Basic Land - Plains","W","Lands","","false","Angels"
"Plains","Basic Land - Plains","W","Lands","","false","Aggro 1"
"Plains","Basic Land - Plains","W","Lands","","false","Aggro 1"
"Plains","Basic Land - Plains","W","Lands","","false","Aggro 1"
"Plains","Basic Land - Plains","W","Lands","","false","Aggro 1"
"Plains","Basic Land - Plains","W","Lands","","false","Aggro 1"
"Plains","Basic Land - Plains","W","Lands","","false","Aggro 1"
"Plains","Basic Land - Plains","W","Lands","","false","Lifegain 2"
"Plains","Basic Land - Plains","W","Lands","","false","Lifegain 2"
"Plains","Basic Land - Plains","W","Lands","","false","Lifegain 2"
"Plains","Basic Land - Plains","W","Lands","","false","Lifegain 2"
"Plains","Basic Land - Plains","W","Lands","","false","Lifegain 2"
"Plains","Basic Land - Plains","W","Lands","","false","Lifegain 2"
"Plains","Basic Land - Plains","W","Lands","","false","Tapout 2"
"Plains","Basic Land - Plains","W","Lands","","false","Tapout 2"
"Plains","Basic Land - Plains","W","Lands","","false","Tapout 2"
"Plains","Basic Land - Plains","W","Lands","","false","Tapout 2"
"Plains","Basic Land - Plains","W","Lands","","false","Tapout 2"
"Plains","Basic Land - Plains","W","Lands","","false","Tapout 2"
"Plains","Basic Land - Plains","W","Lands","","false","Tapout 2"
"Polluted Delta","Land","","Lands","","false","Ninjas"
"Prismatic Vista","Land","","Lands","","false","Blink 3"
"Prismatic Vista","Land","","Lands","","false","Reanimator 2"
"Prismatic Vista","Land","","Lands","","false","Goblins"
"Prismatic Vista","Land","","Lands","","false","Kiki-Jiki"
"Prismatic Vista","Land","","Lands","","false","Draw cards"
"Prismatic Vista","Land","","Lands","","false","Blink 2"
"Prismatic Vista","Land","","Lands","","false","Dragons 2"
"Prismatic Vista","Land","","Lands","","false","Discard"
"Prismatic Vista","Land","","Lands","","false","Stompy"
"Prismatic Vista","Land","","Lands","","false","Enchantments 4"
"Prismatic Vista","Land","","Lands","","false","Equipment"
"Prismatic Vista","Land","","Lands","","false","Spellcast 1"
"Prismatic Vista","Land","","Lands","","false","Reanimator 1"
"Prismatic Vista","Land","","Lands","","false","Faeries"
"Prismatic Vista","Land","","Lands","","false","Tapout 4"
"Prismatic Vista","Land","","Lands","","false","Aggro 2"
"Prismatic Vista","Land","","Lands","","false","Death's Shadow"
"Prismatic Vista","Land","","Lands","","false","Tempo 1"
"Prismatic Vista","Land","","Lands","","false","Counters 2"
"Prismatic Vista","Land","","Lands","","false","Counters 1"
"Prismatic Vista","Land","","Lands","","false","Draw cards 2"
"Prismatic Vista","Land","","Lands","","false","Tapout 3"
"Prismatic Vista","Land","","Lands","","false","Elves"
"Prismatic Vista","Land","","Lands","","false","Sacrifice 3"
"Prismatic Vista","Land","","Lands","","false","Artifacts 1"
"Prismatic Vista","Land","","Lands","","false","Ramp 2"
"Prismatic Vista","Land","","Lands","","false","Angels"
"Prismatic Vista","Land","","Lands","","false","Tokens 1"
"Prismatic Vista","Land","","Lands","","false","Tempo 2"
"Prismatic Vista","Land","","Lands","","false","Bloodbraid"
"Prismatic Vista","Land","","Lands","","false","Spellcast 3"
"Prismatic Vista","Land","","Lands","","false","Blink 1"
"Prismatic Vista","Land","","Lands","","false","Aggro 1"
"Prismatic Vista","Land","","Lands","","false","Ramp 1"
"Prismatic Vista","Land","","Lands","","false","Burn 2"
"Prismatic Vista","Land","","Lands","","false","Tapout 1"
"Prismatic Vista","Land","","Lands","","false","Magecraft"
"Prismatic Vista","Land","","Lands","","false","Burn 1"
"Prismatic Vista","Land","","Lands","","false","Artifacts 3"
"Prismatic Vista","Land","","Lands","","false","Lifegain 2"
"Prismatic Vista","Land","","Lands","","false","Tapout 2"
"Prismatic Vista","Land","","Lands","","false","Artifacts 4"
"Prismatic Vista","Land","","Lands","","false","Ramp 3"
"Prismatic Vista","Land","","Lands","","false","Ninjas"
"Prismatic Vista","Land","","Lands","","false","Sacrifice 5"
"Prismatic Vista","Land","","Lands","","false","Tempo 3"
"Prismatic Vista","Land","","Lands","","false","Spellcast 5"
"Prismatic Vista","Land","","Lands","","false","Dragons 1"
"Prismatic Vista","Land","","Lands","","false","Devotion"
"Prismatic Vista","Land","","Lands","","false","Elves 2"
"Scalding Tarn","Land","","Lands","","false","Spellcast 5"
"Swamp","Basic Land - Swamp","","Lands","","false","Reanimator 2"
"Swamp","Basic Land - Swamp","","Lands","","false","Reanimator 2"
"Swamp","Basic Land - Swamp","","Lands","","false","Reanimator 2"
"Swamp","Basic Land - Swamp","","Lands","","false","Reanimator 2"
"Swamp","Basic Land - Swamp","","Lands","","false","Reanimator 2"
"Swamp","Basic Land - Swamp","","Lands","","false","Reanimator 2"
"Swamp","Basic Land - Swamp","","Lands","","false","Discard"
"Swamp","Basic Land - Swamp","","Lands","","false","Discard"
"Swamp","Basic Land - Swamp","","Lands","","false","Discard"
"Swamp","Basic Land - Swamp","","Lands","","false","Discard"
"Swamp","Basic Land - Swamp","","Lands","","false","Discard"
"Swamp","Basic Land - Swamp","","Lands","","false","Discard"
"Swamp","Basic Land - Swamp","","Lands","","false","Reanimator 1"
"Swamp","Basic Land - Swamp","","Lands","","false","Reanimator 1"
"Swamp","Basic Land - Swamp","","Lands","","false","Reanimator 1"
"Swamp","Basic Land - Swamp","","Lands","","false","Reanimator 1"
"Swamp","Basic Land - Swamp","","Lands","","false","Reanimator 1"
"Swamp","Basic Land - Swamp","","Lands","","false","Reanimator 1"
"Swamp","Basic Land - Swamp","","Lands","","false","Tapout 4"
"Swamp","Basic Land - Swamp","","Lands","","false","Tapout 4"
"Swamp","Basic Land - Swamp","","Lands","","false","Tapout 4"
"Swamp","Basic Land - Swamp","","Lands","","false","Death's Shadow"
"Swamp","Basic Land - Swamp","","Lands","","false","Death's Shadow"
"Swamp","Basic Land - Swamp","","Lands","","false","Death's Shadow"
"Swamp","Basic Land - Swamp","","Lands","","false","Death's Shadow"
"Swamp","Basic Land - Swamp","B","Lands","","false","Sacrifice 3"
"Swamp","Basic Land - Swamp","B","Lands","","false","Sacrifice 3"
"Swamp","Basic Land - Swamp","B","Lands","","false","Sacrifice 3"
"Swamp","Basic Land - Swamp","B","Lands","","false","Sacrifice 3"
"Swamp","Basic Land - Swamp","B","Lands","","false","Sacrifice 3"
"Swamp","Basic Land - Swamp","B","Lands","","false","Sacrifice 3"
"Swamp","Basic Land - Swamp","B","Lands","","false","Magecraft"
"Swamp","Basic Land - Swamp","B","Lands","","false","Magecraft"
"Swamp","Basic Land - Swamp","B","Lands","","false","Magecraft"
"Swamp","Basic Land - Swamp","B","Lands","","false","Magecraft"
"Swamp","Basic Land - Swamp","B","Lands","","false","Magecraft"
"Swamp","Basic Land - Swamp","B","Lands","","false","Magecraft"
"Swamp","Basic Land - Swamp","B","Lands","","false","Magecraft"
"Swamp","Basic Land - Swamp","B","Lands","","false","Ninjas"
"Swamp","Basic Land - Swamp","B","Lands","","false","Sacrifice 5"
"Swamp","Basic Land - Swamp","B","Lands","","false","Sacrifice 5"
"Swamp","Basic Land - Swamp","B","Lands","","false","Sacrifice 5"
"Swamp","Basic Land - Swamp","B","Lands","","false","Devotion"
"Swamp","Basic Land - Swamp","B","Lands","","false","Devotion"
"Swamp","Basic Land - Swamp","B","Lands","","false","Devotion"
"Swamp","Basic Land - Swamp","B","Lands","","false","Devotion"
"Swamp","Basic Land - Swamp","B","Lands","","false","Devotion"
"Swamp","Basic Land - Swamp","B","Lands","","false","Devotion"
"Urborg, Tomb of Yawgmoth","Legendary Land","","Lands","","false","Devotion"
"Wooded Foothills","Land","","Lands","","false","Bloodbraid"
